user,VIP,dynamic,foucs,fans,district,listen_songs,acclaim,comment,time,content
懜游柰子,False,2,16,2,北京市 ,4242,0,0,2020-06-22 14:55:43,第一次听，还是第二分手，现在已经经历了复合-分手-复合-结婚-离婚，与同一个人～～还真是愚人的国度
小新同学321,False,0,8,4,安徽省 - 合肥市,924,0,1,2020-06-22 14:31:31,2011年的专辑啊？
DYLM-L,False,1,3,4,,1032,0,0,2020-06-22 12:29:57,苦酒折柳今相离，
特么昵称都被谁用了,False,0,4,11,湖北省 - 武汉市,14123,0,0,2020-06-22 12:25:07,"热评都是5,6年前的，时间过得好快"
特么昵称都被谁用了,False,0,4,11,湖北省 - 武汉市,14123,0,1,2020-06-22 12:22:17,一回眸，轻舟已过十年长河
跟江璃回家嘛,False,0,15,1,江西省 - 赣州市,1226,0,1,2020-06-22 11:29:27,杀死那个石家庄人
莲灯梦,True,0,14,2,,6353,0,1,2020-06-22 11:24:02,吧。。。拜拜拜拜
水手李1995,True,18,112,55,辽宁省 - 葫芦岛市,2393,0,0,2020-06-22 11:18:23,好听
大老戚哟,False,2,15,9,山东省 - 威海市,15131,0,1,2020-06-22 01:41:44,都内部消化了啊……
澤安先生,True,104,163,35,广东省 - 广州市,5738,0,0,2020-06-22 00:27:33,认真爱人的那个人，纵使愚人 但真真贵
孤独的Alice_jjyl,True,31,13,4,江苏省 - 苏州市,1936,0,0,2020-06-22 00:01:50,真的好好听啊！
江湖人说_你不行,False,3,16,4,贵州省 - 毕节地区,6240,0,0,2020-06-21 23:53:44,就如“苏东坡效应”一般
淼子LM,False,4,2,4,内蒙古 - 兴安盟,6144,0,0,2020-06-21 22:31:31,后来悲伤的习惯了，忘了为什么悲伤
镜笙葉守,True,12,121,12,福建省 - 宁德市,2631,0,1,2020-06-21 15:17:52,每个人都不一样吗，我好朋友喜欢说唱我不喜欢，我也只是说我不是很欣赏的来
了凡liaofan_,False,55,52,14,内蒙古 - 呼和浩特市,1592,0,1,2020-06-21 13:41:41,哈哈哈 我把所有的评论看完了 祝福你们哦[憨笑]
阿汐昂,True,1,22,0,广东省 - 汕头市,1487,1,0,2020-06-21 10:50:09,燕姿有不好听的歌吗？？？？
Kira_Sky,False,2,7,4,黑龙江省 - 哈尔滨市,5953,0,0,2020-06-21 08:02:35,好听
不回头的晚风,False,0,8,2,广东省 - 深圳市,2561,0,0,2020-06-21 03:14:35,怎么越听越好听哦
_白巧儿汋_,False,22,24,18,山东省 - 济宁市,3913,0,1,2020-06-20 23:41:06,他们那个时代的歌手基本都能随便拿出一首歌去震一震现在的乐坛
荒芜不荒,True,0,5,11,,8181,0,1,2020-06-20 23:25:42,哈哈哈哈哈
风已经换了脾气,False,6,2,3,海外 - 其它,6381,1,0,2020-06-20 19:59:13,出国了发现有些歌听不了了，后来又能听了，但是之前能听的又不可以了，本来来之前不打算今年回去，后来想回现在又回不了了。人生大抵就是愚人的演出
-FOREST-_-,False,2,5,12,,2535,0,0,2020-06-20 15:21:12,日推
Jyzxfour,False,0,5,0,广东省 - 东莞市,187,0,0,2020-06-20 12:34:13,哦k
Jyzxfour,False,0,5,0,广东省 - 东莞市,187,0,0,2020-06-20 12:34:04,哦
引路d风筝,False,1,10,0,江西省 - 抚州市,8,0,0,2020-06-20 12:23:31,奶粉姐最难听的一首歌，
绚丽北极,False,3,11,1,山东省 - 滨州市,407,0,1,2020-06-20 09:26:17,情侣就算了，学霸很厉害
仟囍-,False,2,27,1,,5301,1,0,2020-06-20 09:25:10,今天是2020年6.20日
山风2015,False,0,5,1,山东省 - 济南市,1775,0,0,2020-06-20 01:40:32,是真的好听！！！
死亡颂唱者17,False,12,11,3,,858,0,0,2020-06-20 00:46:09,喜欢了好些年的一首歌……
Anna-22,True,19,4,3,,7301,1,0,2020-06-19 21:02:31,我不是个好演员，演不好你要角色。我们都回不到最初，愚人的国度不是你我想要的
四月梦梦不做梦,False,2,27,1,湖北省 - 宜昌市,1201,1,1,2020-06-19 19:52:22,加油，明天会更好
放下西涼又逢君,True,3,23,13,,13839,3,0,2020-06-19 16:27:43,这首歌搭配《笑忘书》会有奇效
余空间汉斯,False,29,55,4,北京市 ,2400,0,1,2020-06-19 13:18:03,。。。。 想想时间 这是梗
用户646329168,False,6,4,5,吉林省 - 吉林市,2081,0,0,2020-06-19 09:57:09,再让时间停住，把自己看清楚
用户646329168,False,6,4,5,吉林省 - 吉林市,2081,0,1,2020-06-19 09:56:45,第九年了
夕月的落叶,False,8,63,6,江苏省 - 南京市,5414,0,1,2020-06-19 09:04:11,看编曲
好想回到小时候_,True,5,14,13,,2963,0,1,2020-06-19 08:07:47,现在呢，九年了[流泪][流泪]
古天乐的老婆-,True,0,2,6,北京市 ,1497,0,1,2020-06-18 21:00:33,没关系，真的没关系，一晚上就失恋两次
土豪金6,False,0,4,2,山东省 - 烟台市,1643,0,0,2020-06-18 18:50:31,今天股票卖飞了。太愚蠢了
a我是熊猫,False,0,2,17,广东省 - 汕头市,2578,1,0,2020-06-18 18:28:39,来你能不能再重复
老俞有点忙,False,1,8,4,广西 - 南宁市,3030,0,1,2020-06-18 09:34:36,支持…[强]
-Tuzki-,False,5,5,34,,3413,3,0,2020-06-18 07:52:28,♥
草莓好吃但很贵,True,142,96,38,安徽省 - 安庆市,8969,0,0,2020-06-18 06:51:01,网易云的毛病：不安利成功算我输！有没有搞错，这首歌在我日推至少有五次了！我服我服行不行！
該用戶窮得沒有暱稱,True,1,7,0,甘肃省 - 兰州市,1487,0,0,2020-06-18 01:20:40,真好听
给我来一份土豆泥,False,0,3,16,上海市 ,6217,1,0,2020-06-18 01:03:26,我们怎么就走散了呢？
尔东明月与清风,True,52,1,1,四川省 - 宜宾市,4912,1,0,2020-06-17 23:13:41,我好像确实爱上一个人，惭愧的是，第一次爱人有点笨拙。希望你多多指教[憨笑]
HIPHOP继续,False,2,49,16,江苏省 - 南京市,7361,0,1,2020-06-17 22:47:02,哈哈哈哈哈哈哈
人间理想任嘉伦鸭,False,0,3,0,湖北省 - 武汉市,728,0,1,2020-06-17 21:30:11,真的！？[呆]
嘘要飞了,False,3,18,8,,2327,0,0,2020-06-17 20:03:27,渴 绿光 180度 雨还是不停的下 当冬夜渐暖 愚人的国度 最近特别喜欢的
平木南,False,1,33,2,福建省 - 泉州市,3895,0,1,2020-06-17 18:20:13,多看点书比啥都强
全梨软,False,6,38,8,浙江省 - 温州市,2869,2,0,2020-06-17 16:44:53,初闻不知曲中意，再闻已是曲中人[多多难过]
下海摸泥鳅,False,0,3,3,浙江省 - 温州市,5605,5,0,2020-06-17 15:45:44,鲁迅说过，孙燕姿是他儿时的偶像
是叉叉哟,False,0,22,2,,6257,1,1,2020-06-17 11:40:49,但也有人说，句号意味着结束，亦如滑落眼角的泪
签不到选手,True,1,6,3,,2663,3,1,2020-06-17 00:25:44,很少发歌就“献给”家庭了吗？我周杰伦结了婚还很少发歌了呢。怕是见不得别人过得好
给我一只皮皮虾,False,0,25,8,,5264,0,0,2020-06-17 00:23:59,你应该不知道吧其实我有个小习惯就是每次不开心的时候打字都会连在一起没有标点
WeightXI,False,0,16,1,湖北省 - 武汉市,6284,0,1,2020-06-17 00:07:37,或许可以大胆的尝试一下，说出来了或许还有可能，不说则就是真的没有可能了。
怯-流年,False,0,4,1,广东省 - 广州市,1899,0,1,2020-06-16 23:59:47,喜欢，却不敢说出口
种下四叶草,False,1,3,0,北京市 ,800,2,0,2020-06-16 19:16:24,这首歌真的好听
逸潇绿竹,True,1081,216,29,,32968,0,1,2020-06-16 17:06:04,你这哈哈哈哈
吃粽子的小僵尸,False,0,12,1,江苏省 - 南京市,4290,0,1,2020-06-16 16:23:37,嗯，现在真的是很小的时候了[大哭]
废物咸鱼,False,2,29,4,山东省 - 济南市,8336,0,0,2020-06-16 13:48:38,。。。看成了男人的国度[呆]
思慕橙,False,0,19,3,广西 - 百色市,2849,2,0,2020-06-16 00:44:26,第一次听，循环一晚上，也哭了一晚上，无法入睡
思慕橙,False,0,19,3,广西 - 百色市,2849,0,1,2020-06-16 00:43:12,一直流眼泪，但是也不知道自己在伤心什么，总是会代入，幻想将
执拗的一枚戳屎,False,1,14,20,,4844,0,0,2020-06-15 23:56:31,晚安
imqling,False,10,4,2,广东省 - 江门市,1277,2,0,2020-06-15 21:57:55,原来已经快10年了，我的青春啊
axGhin_,True,4,112,27,,22689,0,0,2020-06-15 21:12:16,不能自拔，不懂退出
神经七八M,True,2,12,12,,1269,1,0,2020-06-15 20:44:22,穿过一地荒芜，幸福不能碰触
没有路西法的喵喵,True,67,133,23,,2455,0,0,2020-06-15 19:13:55,押韵的压得有点苦
游走的秋刀鱼,False,0,6,0,上海市 ,2511,0,1,2020-06-15 18:51:33,总结的很到位
zhouybryant,True,4,4,1,江苏省 - 扬州市,5708,0,0,2020-06-15 17:42:31,前面的“退不出去，又不敢向前迈进”很触动[心碎]
Iiissun,False,3,4,8,,1590,0,0,2020-06-15 16:37:23,我真的好想大哭一场…
冷血的低温动物,False,18,9,4,山西省 - 太原市,4162,2,0,2020-06-15 10:39:52,一个懒觉醒来，好像，突然间，都放下了。开心
王晚弋,False,7,2,2,甘肃省 - 庆阳市,5522,1,0,2020-06-15 08:42:22,退不出去，可又不敢向前迈进。
王晚弋,False,7,2,2,甘肃省 - 庆阳市,5522,3,0,2020-06-15 08:39:47,爱了不该爱的人，每天都在自欺欺人，像个小丑般的愚人演出。爱是自愚。
你彬彬彬彬哥,True,0,8,3,湖北省 - 武汉市,991,0,0,2020-06-15 07:24:33,因为这首歌来了网易云会员。
逗逗窦窦,True,73,62,44,天津市 ,3964,1,0,2020-06-15 01:32:17,“爱是愚人的国度，不能自拔，不懂退出。”
失眠191231,False,0,3,0,山东省 - 济南市,47,0,0,2020-06-14 18:15:26,是疲惫还是依赖的束缚。
HSINLOK,False,0,12,1,,3239,0,0,2020-06-14 16:49:19,这首歌每次听，酸楚失落的感觉就一直在心间荡
星池电台,True,5,13,24,北京市 ,6385,3,0,2020-06-14 02:07:56,“没有一个22岁的女孩像她一样唱歌。”熬了几个通宵做了一期孙燕姿的电台，为了情怀创作不易，也不知道去哪里推广，但愿这个评论喜欢孙燕姿的都能看得见吧，喜欢的话记得订阅点赞哦~
mankwanChu,False,309,16,11,,3155,0,0,2020-06-13 21:00:06,唉
所以我明白灯火阑珊处,False,1,22,4,广东省 - 深圳市,759,4,0,2020-06-13 18:00:08,燕姿嗓子里透出的坚韧 柔情 和爱到深处却仍然的高贵真的太赞了
所以我明白灯火阑珊处,False,1,22,4,广东省 - 深圳市,759,0,0,2020-06-13 17:55:00,爱是自愚愚人演出 答案清楚才能谢幕
凡是过去皆为序章an,False,14,17,5,四川省 - 成都市,646,10,0,2020-06-13 14:33:10,我太爱这个女人声音里的那种孤傲了。
橘子蓝___,False,1,10,3,江苏省 - 宿迁市,2454,0,0,2020-06-13 06:53:24,“爱是愚人的国度，不能自拔，不懂退出。”
Shavengu,True,0,0,6,,4069,0,0,2020-06-12 23:38:51,凡事不过一句算了，都能解决
是我小柒啊,False,3,2,1,江苏省 - 南通市,1589,3,0,2020-06-12 20:08:16,马上要高考了，这首歌是我哥哥给我第一个音乐听筒里的歌，他前几年车祸去世了，没有爱情，只有亲情，这首歌还是那么好听，一直都那么好听。
学长姓常,True,82,246,44,广东省 - 深圳市,8011,1,1,2020-06-12 17:21:58,他15年评论的
Onesteptoofar,False,7,24,5,贵州省 - 铜仁地区,1016,1,0,2020-06-12 15:39:27,2020年6月12日15：40
麻辣笋子-,True,0,10,1,,2973,2,0,2020-06-12 08:36:43,我对象的微信网名叫愚人的国度  已经有7年没变过   他说没有人爱他[心碎]
大艺术家的,False,0,10,2,浙江省 - 杭州市,922,0,0,2020-06-12 06:42:13,好
inexorable7,True,1,6,0,,4988,3,0,2020-06-12 03:05:48,曾美丽 但还是不满足
筽正,False,2,9,5,浙江省 - 丽水市,3415,2,0,2020-06-12 00:42:33,大一的时候他问我要不要在一起大二快结束了我问他等你结束现在这段感情能不能和我在一起试试
一只野兽阿-,False,0,0,12,河南省 - 郑州市,8107,1,0,2020-06-12 00:10:24,失无所失
左撇子笨蛋,True,268,304,41,,11399,0,0,2020-06-11 22:56:50,愚不愚不知道，辛苦是真辛苦
豪豪_7,False,19,26,11,江苏省 - 南京市,3876,2,0,2020-06-11 21:56:15,真好听
大艺术家的,False,0,10,2,浙江省 - 杭州市,922,0,0,2020-06-11 17:28:59,好
一只小熊yy,True,5,107,11,广东省 - 广州市,9426,1,0,2020-06-11 12:00:54,好好听
抬走抬走,False,2,9,7,,10252,1,1,2020-06-11 09:04:05,十年
寒羽良喵,True,0,8,1,陕西省 - 西安市,3454,0,0,2020-06-11 00:28:56,爱是愚人的国度
H-S_Sun,True,68,67,138,,14909,4,0,2020-06-10 15:00:59,但凡燕姿多营业…
十二樓情人,False,14,23,30,,3260,8,0,2020-06-10 09:05:34,关系不对等趁早放手 我没那么多勇气耗
nic岑先生,False,1,8,3,广东省 - 珠海市,5264,1,0,2020-06-10 01:44:01,又来评论了！我会等，也会如我所说的话让它成为事实！我现在是一个累赘！我不想亏欠别人太多太多。所以不得不这样做。宁可我负天下人，不可天下人负我
---zjk,False,0,5,1,新疆 - 乌鲁木齐市,3726,3,0,2020-06-10 01:34:33,小学听的，现在大学了，歌曲旋律一点没变，而我变成了什么样
i_am_zz,True,7,0,158,,45609,0,0,2020-06-10 01:25:34,ଲ
Mory-V,False,6,37,3,海外 - 瑞士,3518,0,0,2020-06-10 00:49:30,好好听好好听好好听
tuziguli,True,1,13,5,江苏省 - 南京市,7460,1,0,2020-06-10 00:40:56,20周年快乐[亲亲]
会做梦的豆子,False,51,29,11,湖北省 - 荆州市,3980,0,0,2020-06-10 00:29:25,很疑惑这歌评论竟然没有到9999？？
一头能通宵听歌也要早睡的子瓜鲸,True,295,17,734,海外 - 日本,21467,0,0,2020-06-10 00:22:48,好喜欢这首歌，极美也很好听，天黑黑也很喜欢～
sonmi-4511807,True,0,39,5,安徽省 - 安庆市,3875,0,0,2020-06-09 23:46:30,我超级喜欢这首啊啊啊啊啊啊啊
衣刀酱,False,7,14,24,宁夏 - 石嘴山市,9518,0,1,2020-06-09 23:21:44,九年了啊……
麋芜菁菁,True,130,16,5,,2721,2,0,2020-06-09 20:52:59,20周年快乐❤️❤️
Alien銆,False,12,49,6,上海市 ,26772,1,0,2020-06-09 20:26:01,今天燕姿微博直播！加油！爱你哟～[亲亲][亲亲][亲亲]
老子晓得啦,True,0,3,0,,415,0,1,2020-06-09 17:14:26,九年了，时间真快啊
Evildoer-Lx,False,1,20,8,新疆 - 昌吉回族自治州,14036,2,0,2020-06-09 14:24:09,出道20年啦～～[爱心]
露玫花exo,False,1,8,1,浙江省 - 湖州市,190,0,1,2020-06-09 07:25:10,九年了。。。。
大白兔奶糖mi,False,0,15,1,,2106,0,0,2020-06-08 23:33:57,听完就睡觉了[可爱][可爱]
墨燃煜,True,7,26,16,,5592,0,0,2020-06-08 17:05:27,旋律太好了
路痴者,False,0,18,7,河南省 - 郑州市,17514,1,0,2020-06-08 16:14:32,孙燕姿的咬字和节奏独具一格，精品很多，好歌声，好歌手
躯壳001,False,2,5,3,河南省 - 濮阳市,4028,1,0,2020-06-08 13:03:30,不能自拔，不懂退出
鞠蒨文,False,2,1,49,山东省 - 青岛市,17150,0,0,2020-06-08 13:02:21,曾美丽 但还是不满足
BunnySean,False,5,0,0,,1655,1,0,2020-06-08 12:58:24,制造痛苦的人还在想着怎样制造更多的痛苦，该怎么办呀。不知道会怎样。（喜欢歌曲，来听歌倾诉一番）
别样的调调,True,1,7,5,河南省 - 周口市,6807,0,0,2020-06-08 10:06:08,真好听
小黄厨艺超好,True,7,6,20,河北省 - 承德市,5691,0,1,2020-06-08 07:12:10,不尽人事
谁家的媛儿姐,True,0,3,2,广西 - 柳州市,1483,1,0,2020-06-07 23:45:12,最后还是回到了 原点，我不难过，是时候，半句再见 在 也不见。
谁家的媛儿姐,True,0,3,2,广西 - 柳州市,1483,0,0,2020-06-07 23:44:57,关于 未完成 的 心愿，懒得去管。一样的夏天，不同 的天空，风筝 逆光 飘着 超快感。难得一见 那是 天使的指纹，This moment这个世界 极美。星期一 天气晴 我离开你，我很愉快 祝你开心。
谁家的媛儿姐,True,0,3,2,广西 - 柳州市,1483,2,0,2020-06-07 23:44:44,          ——我也很想她  就在日落以前。
泠叁零柒,False,0,19,2,湖北省 - 宜昌市,604,0,0,2020-06-07 23:37:12,初恋喜欢孙燕姿，认识她以前我迷了蔡依林好几年
Chinsear,False,3,6,1,海外 - 冰岛,5752,0,0,2020-06-07 15:40:42,来 你能不能再重复 ，写这歌的是东北人？
Dou_Zi_,True,194,4,0,浙江省 - 金华市,4762,0,0,2020-06-07 13:06:20,要疯了
梦里梦她后知后觉后想念,False,0,3,1,安徽省 - 六安市,132,0,1,2020-06-06 23:17:06,有
bolijigua,True,3,93,2,,6092,0,1,2020-06-06 14:27:36,有好转吗
-Yang-Ya,False,2,20,11,黑龙江省 - 哈尔滨市,2972,0,1,2020-06-06 00:51:19,哇真的
紫幻色的背影,False,4,55,19,海外 - 玻利维亚,5667,0,1,2020-06-05 23:40:13,那个人是多少辈子修来是福气，让汝喜之四年
紫幻色的背影,False,4,55,19,海外 - 玻利维亚,5667,0,0,2020-06-05 23:38:38,我们都回不到最初。这是一场演出，答案清楚，却不知怎样谢幕，是哭，是笑
我今天早睡了鸭,True,2,13,4,安徽省 - 宿州市,4334,0,1,2020-06-05 14:34:41,9年了
张思妄,False,2420,17,117454,广东省 - 揭阳市,11031,0,1,2020-06-05 05:39:02,逃
我是不甜_,False,0,24,1,,4076,0,0,2020-06-05 00:48:24,怎么爱还是不满足
Steven-Kong,False,33,10,4,,16543,0,1,2020-06-04 23:35:58,抓
花房98,False,34,13,16,陕西省 - 西安市,3954,1,0,2020-06-04 23:30:03,“爱是愚人的国度，不能自拔，不懂退出。”
Britber_Crystallize,True,1247,179,365,,6836,0,1,2020-06-04 17:44:28,B站有个人头像跟你一样厚
Amilkyway,False,0,14,2,四川省 - 广安市,827,0,1,2020-06-04 08:50:40,十年了
你我都是麻瓜,False,0,8,6,陕西省 - 西安市,1637,0,1,2020-06-03 23:35:01,我十岁时出的
要554427,False,7,6,4,广东省 - 佛山市,1248,3,1,2020-06-03 14:47:44,现在跟我在kfc啃书呢 [流泪]
齐云轩,False,0,6,3,江苏省 - 南京市,5051,1,1,2020-06-03 10:53:24,如果8岁的话，4年已经是半辈子之前的事了
王鹏微成人,True,3,1,7,四川省 - 成都市,7703,3,0,2020-06-03 10:06:05,愚人的我不是不明白 看透不说透而已 你为什么还不满足把自己看清楚  我在我的国度里看悲欢喜乐每一步 也不知道是因为疲惫还是依赖的束缚 该坚持还是放手
大大栗子君,False,7,7,6,吉林省 - 通化市,8202,3,0,2020-06-03 09:31:25,懂了 知道怎么是爱了
adange24,False,2,23,1,江苏省 - 南京市,4059,1,0,2020-06-03 08:40:04,真好听
柚仔gogogo,False,0,4,0,辽宁省 - 沈阳市,411,2,1,2020-06-03 08:05:52,东西南北四条街 打听打听谁是爹
是个小可爱啊哈哈,True,0,43,4,湖北省 - 武汉市,1558,1,1,2020-06-02 19:22:23,我们的经历一样呢，五一分的，这几天好了些但是偶尔半夜会惊醒，会好的，我们会的[爱心]
今日不开心就怪了吖,False,0,4,1,海外 - 其它,748,1,0,2020-06-02 14:54:15,好好笑啊，有个人在愚人节向我告白，可惜......我爱的不是你啊
喋世1118,False,2,6,22,湖北省 - 武汉市,2922,1,1,2020-06-02 11:48:00,顶一下
喋世1118,False,2,6,22,湖北省 - 武汉市,2922,1,1,2020-06-02 11:47:47,希望有一个人能懂得[爱心]
喋世1118,False,2,6,22,湖北省 - 武汉市,2922,6,0,2020-06-02 11:47:02,是不是爱情中的人都会变傻明知没结果，但还是愿意。
rayen_啾啾,False,0,9,7,,2108,1,0,2020-06-02 10:42:02,好听(ง •̀_•́)ง
李野z,True,0,14,7,广西 - 桂林市,5307,4,0,2020-06-01 20:51:01,结尾几乎都是u结尾
开着三轮上五环,True,2,16,8,江西省 - 上饶市,3893,1,1,2020-06-01 15:41:39,我想半天，也没想到太宰治会写出这种话。你走时乱了四季。
傻乐O,False,81,34,21,河南省 - 鹤壁市,4447,2,0,2020-06-01 11:49:49,笑忘书
-Ksq,False,37,11,7,湖北省 - 武汉市,2033,2,1,2020-06-01 11:21:21,9年了
啊哈哈哈哈哈哈哈哈QAQ,False,1,79,23,,2913,1,0,2020-06-01 10:31:05,听了无数遍学不会的一首歌
缘尽1014,False,0,15,1,山东省 - 临沂市,387,1,1,2020-05-31 22:18:34,要99
舰型巨胖,True,48,25,73,四川省 - 乐山市,14061,1,0,2020-05-31 22:07:26,听歌多了，不管谁唱，开始前看看作词作曲人就知道这歌好不好了。李焯雄+李偲菘这俩单独都能杀我，还别说放一块儿了。杀伤力更强，再加上孙燕姿来，好了，这歌不香还有谁香？嗯？
乖一点YY,False,16,284,17,,2120,1,0,2020-05-31 00:03:15,怎么觉得这首旋律和笑忘书很像（就是觉得有点像）
请叫我兔子峰,True,0,6,4,四川省 - 广元市,1819,1,0,2020-05-30 23:40:34,和你在一起的每一天，都仿佛在过愚人节。每天都在欺骗自己，你其实很爱我。
白云在jiu,False,0,8,1,甘肃省 - 兰州市,5969,0,0,2020-05-30 23:02:59,  你还好吗？
蘑菇丢丢的呦,False,0,11,4,甘肃省 - 金昌市,2746,0,0,2020-05-30 20:35:59,好几年前KTV必唱的曲目，已经很多年都不去KTV了。岁月神偷[呆]
搂云航,False,0,1,0,广东省 - 清远市,378,0,1,2020-05-30 15:16:36,漂亮
变得甜点吧,False,4,24,17,,3989,2,0,2020-05-30 09:53:07,我不无辜，可我也没有罪，我只不过是喜欢着一个人
杂匿3,False,0,9,2,,2720,2,1,2020-05-30 08:59:23,九年了
立夏咿呀咿呀呦,False,0,2,2,北京市 ,4826,1,0,2020-05-30 01:01:55,有时候感觉身边的朋友们都长大了，全世界都不约而同的向前看，只有我一个人还在追惜过去，恋恋不舍
哎o你头发乱了哦,False,49,55,6,,2381,0,1,2020-05-29 15:52:47,我也好喜欢YOGA🙏🙏🙏
许愿小琪酱,True,4,23,186,,20521,4,0,2020-05-29 08:26:10,每次听到这首歌就好想哭好想哭 不知道为什么
若水biubiu,False,0,1,1,湖北省 - 武汉市,1635,1,0,2020-05-29 08:23:12,27岁的我欠孙麻麻一张演唱会门票
现在起床还来得及,True,0,16,2,,5149,0,0,2020-05-29 07:40:03,之前好像有几年没有网易没版权
春野尽,False,27,22,7,,2117,0,1,2020-05-28 23:57:27,以前我很喜欢阿狸的
阿弥陀佛我会好好的,False,1,23,4,,1856,0,0,2020-05-28 22:20:20,这歌是11年的？
CGNH,True,4,23,20,黑龙江省 - 哈尔滨市,2712,0,0,2020-05-28 18:21:59,好久没听了，还是那么抓耳好听
NeverGiveup-JR,False,0,4,1,安徽省 - 合肥市,475,1,0,2020-05-28 07:02:36,你好啊！王小夸
桃必死,False,0,14,6,江苏省 - 苏州市,7548,1,0,2020-05-27 23:33:29,9年后在日推听到，错过这首歌这么多年哈哈
萌乎乎的亚历山大,False,0,19,5,上海市 ,3402,1,0,2020-05-27 20:40:04,太好听了
请叫我聰哥_,True,7,8,4,浙江省 - 衢州市,10305,1,0,2020-05-27 17:14:27,这首歌好厉害.
Some低调,False,0,8,0,广东省 - 深圳市,11280,1,0,2020-05-27 15:30:16,怎么听起来感觉跟李荣浩的一首歌很像呢
冬天我愛吃火鍋,False,201,39,11,山东省 - 威海市,3851,0,0,2020-05-27 15:24:51,这么好听的歌评论这么少。11年那年高考，当时的同桌很喜欢这首歌
早睡的Sara,False,1,9,0,河北省 - 石家庄市,482,3,0,2020-05-27 15:12:50,別說「永遠」「永遠」讓我絕望一生太長一切都有結局而我能想到的美好衹是和平愛是愚人自愚
莉莉红毛衣,False,3,154,88,,9283,1,0,2020-05-27 15:02:39,我就一自找不快的傻x
钟不顾,False,1,18,1,河南省 - 焦作市,1558,0,1,2020-05-27 10:35:54,哈哈，我也喜欢这两首，另外，同样喜欢篮球（你的名字[强]）。
项郁,False,0,10,1,河南省 - 信阳市,3380,0,0,2020-05-26 22:30:36,眼瞅着要过万了
顾然1704,False,0,7,2,福建省 - 厦门市,3171,1,1,2020-05-26 21:50:41,九年了
慢田,False,20,13,5,,9604,4,1,2020-05-26 21:43:10,太宰治：来来来笔给你，敞开写
酥年weisir-一个特效一个愿望,False,13,12,2219,浙江省 - 杭州市,3020,1,0,2020-05-26 20:56:42,为什么不能将就呢？自欺欺人也好
鸡蛋的夹心鱼丸,False,0,5,1,,3731,2,0,2020-05-26 18:42:54,2020年5月份的第23天我终于和自己喜欢了四年的人在一起了。开心到失眠，又害怕，因为我喜欢她比她喜欢我多得多。我也能感觉到的我们终究会分手，所以我珍惜现在的每一天。可怕的是我没有一点拒绝她的能力，我本就是她身边最不起眼的那个。我真的很喜欢她所以才能让我自己不去打扰她四年。愚人的国度
小懒男121,False,0,4,2,河南省 - 郑州市,1590,0,0,2020-05-26 16:46:23,突然要破万的节奏
和珺珺的网恋日常,False,157,6,0,广东省 - 广州市,7751,0,0,2020-05-26 02:04:36,听着喜欢的人分享的歌睡不着觉啊哈 怎么说 能感觉到好像没有刚开始那么喜欢我了哎 难搞哦 最怕我开始沦陷对时候你已经开始抽离[大哭] 难过呀难过
鹤饮鸩,False,3,9,6,云南省 - 玉溪市,1698,0,0,2020-05-26 00:02:15,你说需要冷静几天才能答应我分手，然后我日夜徘徊在天堂与地狱的边缘。
hana-ang,False,0,0,0,河南省 - 商丘市,302,0,0,2020-05-25 22:34:31,w
Viviane柔,False,0,30,0,江西省 - 南昌市,1073,0,0,2020-05-25 22:31:30,好想你
Grace要飞了,False,8,42,15,上海市 ,7241,1,0,2020-05-25 19:16:59,我爱错人了吗～ 一年多了，我们该何去何从，好想回到两年前，我就可以选择不认识你
迎着阳光1802,False,1,14,13,河北省 - 邢台市,794,1,0,2020-05-25 18:44:10,半年没听她，今天发现，歌单里都变成vip可听了。[皱眉]都会变的
互相攻击为了爱,False,42,96,14,北京市 ,9289,0,1,2020-05-25 16:59:56,9年了 爱孙燕姿永远
陈宇_落雁,True,4,6,4,河北省 - 沧州市,1894,2,0,2020-05-25 16:01:13,调子和笑忘书好像啊[呆]
小透明阿娟,True,1,7,8,广东省 - 深圳市,2938,0,0,2020-05-25 11:18:06,这首歌的转音好好听
该昵称已被占用了你晓不晓得,True,9,13,3,江苏省 - 南京市,2821,1,1,2020-05-25 08:20:29,是对方不够爱使你没有安全感的，对的人使你明媚
该昵称已被占用了你晓不晓得,True,9,13,3,江苏省 - 南京市,2821,1,0,2020-05-25 08:19:18,爱是愚人自愚
嘘要飞了,False,3,18,8,,2327,1,0,2020-05-24 19:44:00,突然想到一句话：原来你喜欢花啊原来你喜欢我啊……
毛豆小姐_阿_,False,2,2,1,河北省 - 承德市,2072,0,1,2020-05-24 19:25:36,9年了
红胡颓子酱,False,432,67,25,上海市 ,9630,0,1,2020-05-24 18:38:27,深更半夜只适合睡觉，听歌太费眼泪了哈
大白兔奶糖mi,False,0,15,1,,2106,3,0,2020-05-24 13:07:15,小时候听孙燕姿的歌:好难听，现在:抽死我吧[大哭][大哭]
歆婷-,False,8,15,2,海外 - 其它,3782,1,0,2020-05-24 10:12:40,小丑🤡
荣荣66666_yBGI,True,1,4,0,湖南省 - 长沙市,428,1,0,2020-05-24 04:39:30,愚人的国度
谁是山风,True,7,171,15,,5521,2,0,2020-05-23 22:51:27,月亮小七
有事问春风a,False,1,8,5,甘肃省 - 兰州市,4453,1,1,2020-05-23 17:49:16,我的歌单里     想自由下一首就是这个
尛果冻er,False,1,11,20,山西省 - 运城市,5477,0,0,2020-05-23 10:24:18,一直很喜欢的一首歌
-小胡小胡糊里糊涂_,False,35,25,9,广东省 - 广州市,1556,1,1,2020-05-23 09:44:00,神奇的不是音乐 是经历
西西-yu,False,3,8,1,黑龙江省 - 哈尔滨市,4179,1,0,2020-05-22 23:14:13,喜欢一个人太久，慢慢成为了习惯，渐渐失去了喜欢别人的能力，我喜欢你也讨厌你。
輕糅,False,2,12,0,山东省 - 泰安市,1301,1,1,2020-05-22 22:23:32,现在2020年，九年了（我没算错吧，小声逼逼）
温风与歌,True,1,4,1,,1523,1,0,2020-05-22 22:19:24,我们都回不去最初
janeyzy_,True,0,6,0,新疆 - 乌鲁木齐市,2335,0,0,2020-05-22 21:27:41,“世界和平 人人幸福”再见希望我能鼓起勇气
偶尔上网丶,False,1,5,4,,1975,10,1,2020-05-22 20:25:40,很喜欢《人间失格》里的一段话：先穿袜子再穿鞋，先当孙子后当爷。
0717号小星球的电台,False,42,4,4,,1681,0,0,2020-05-22 14:23:25,[多多大哭]好听👍🏻
言傅,True,6,135,15,浙江省 - 嘉兴市,3033,0,0,2020-05-21 22:19:36,第一次听这首歌是在看鬼吹灯时……一直循环的听，已过去多年 现在听到 依然感到不寒而栗 也对过去历历在目
吃饱了吗你今天,False,3,3,0,陕西省 - 西安市,1617,0,1,2020-05-21 21:16:59,应该是fire fly
吃饱了吗你今天,False,3,3,0,陕西省 - 西安市,1617,0,1,2020-05-21 21:14:57,有点像free fly
阿哈哈哈六,False,7,4,2,广东省 - 广州市,12353,3,0,2020-05-21 19:30:18,2020年的5月20号凌晨十二点十一分，我被宣布分手。已经哭了不知道多少次，我的不知所措，我的焦虑不安，我...只是感觉呼吸不了，心里痛...
奀恝,True,6,0,23,湖南省 - 长沙市,8711,0,1,2020-05-21 15:51:13,过完了，我的那年愚人节
Kumisu,True,7,26,42,,11216,0,0,2020-05-21 14:10:46,别说永远 永远让我绝望
WeightXI,False,0,16,1,湖北省 - 武汉市,6284,0,1,2020-05-21 11:24:59,会好哒
白糖菁大亨,False,0,19,1,浙江省 - 杭州市,826,1,1,2020-05-20 20:42:31,你要同情他，少了欣赏的细胞！
allergicsoul,True,13,28,25,,12846,3,1,2020-05-20 00:15:46,只有第一句出现过，后面那几句连业余知乎儿都能写出来。
千百惠l,True,1,2,181,,12082,2,0,2020-05-19 23:40:29,越长大越孤独 懂自己的人就越少
Je-vais-attendre-pour-vous,True,52,20,6,湖南省 - 常德市,7052,1,0,2020-05-19 21:20:50,对我来说 网易云是我唯一可以正大光明怀恋你的地方了 我亲爱段先生
执拗的一枚戳屎,False,1,14,20,,4844,0,0,2020-05-19 21:17:42,总有一首歌在一个时期被单曲循环
怡宝儿_YI,False,3,7,1,广东省 - 广州市,746,0,0,2020-05-19 19:42:04,我多希望一开始你就告诉我，你有另一个暧昧对象而不是让我困于一地荒芜，愚己的国度
要554427,False,7,6,4,广东省 - 佛山市,1248,0,1,2020-05-19 10:16:05,嘻嘻嘻昨天刚出来
不纠结的纠纠,False,0,5,2,湖南省 - 长沙市,3093,0,0,2020-05-19 09:35:06,好一首催泪瓦斯
bad草莓酱,True,0,5,5,黑龙江省 - 哈尔滨市,1190,0,1,2020-05-18 20:48:14,哇 6年前的评论
bad草莓酱,True,0,5,5,黑龙江省 - 哈尔滨市,1190,1,1,2020-05-18 20:46:05,谢谢
德威什不会做梦,False,0,21,3,四川省 - 宜宾市,4482,1,1,2020-05-18 17:41:36,九年了
胆小又好色,True,36,8,13,天津市 ,8296,3,0,2020-05-18 15:29:34,走弯路的人是不是都会后悔？弯路也会有终点 只是走到一半就放弃的人一定会后悔
小四句,False,33,29,10,四川省 - 成都市,1472,1,1,2020-05-18 14:15:03,好像就是人间失格里的
往海的深处听,False,3,60,10,上海市 ,11560,0,0,2020-05-18 13:50:57,高中时候参加唱歌比赛 当时最好听的应该就是一个学姐唱的这首歌 所以每每听到的时候总觉得回到了高中时光
小肯尼尼,True,4,76,154,上海市 ,2672,0,1,2020-05-18 12:50:30,哈哈我也分手了 点开了这首！
法譬如水,False,30,7,1,上海市 ,1283,2,0,2020-05-18 01:30:29,轮回在愚人的国度，偏执地相信自欺欺人的幸福，奉行着加缪的名言-当人们一旦有机会强烈爱过，就将毕生追求那种热情和光明，放弃美，放弃与美相连的幸福，专一的为不幸效劳，这要求一种我所缺乏的崇高。自我咀嚼着青春离奇的百转回肠，然后伴随着一滴滴热泪一饮而尽，给潮湿已久的心些许温暖与抚慰。
zhuangliangji1992,False,1,13,8,北京市 ,7886,1,0,2020-05-17 14:47:38,我们都回不去最初
鸽子王龟龟-看我Mlog有惊喜,False,72,87,13,广东省 - 广州市,3791,4,1,2020-05-17 13:03:47,不要紧张，只是觉得像也很正常。。。并不是别的意思
你用头脑换垃圾吗,True,7,8,6,,1001,1,1,2020-05-17 12:57:45,“闲云，牛马，杀人刀。”
于路_,False,1,22,6,辽宁省 - 大连市,2166,5,1,2020-05-17 09:39:23,写成这样的话…那就是个三流网络小说…别侮辱人间失格了
叉子在勺子的左边,True,115,33,15,,5161,3,0,2020-05-17 07:05:36,老歌就是好听
谷口贵幸,False,140,11,13,,6337,3,0,2020-05-16 23:51:20,喜欢听歌和喜欢唱歌是不一样的
杨先生loveu,False,1,5,2,广东省 - 阳江市,509,0,1,2020-05-16 23:45:27,个人选择都是自由
道德赋,True,1,26,4,广东省 - 深圳市,2043,1,0,2020-05-16 22:57:10,一旦注意到了吸气声就再也没办法好好听这首歌…
Es丶tive丶milu,False,1,15,9,吉林省 - 通化市,7607,0,0,2020-05-16 22:40:51,转晕了
小赵铁柱,False,1,16,6,福建省 - 漳州市,4547,0,1,2020-05-16 17:01:32,现在怎么样阿
浪游1874,True,3,11,7,内蒙古 - 呼和浩特市,1905,1,0,2020-05-16 08:56:10,愛是愚人的國度。
浪游1874,True,3,11,7,内蒙古 - 呼和浩特市,1905,0,1,2020-05-16 08:55:37,十年了
我不是个过客,False,3,30,18,,11347,4,0,2020-05-16 07:28:29,怎么会这么好听
思凡za,False,1,17,0,河南省 - 郑州市,3965,4,0,2020-05-15 16:25:53,当初初恋时的确智商变为零了，听了这首歌很有感触
我不是个过客,False,3,30,18,,11347,0,0,2020-05-15 09:03:29,第一遍就爱了，越听越爱
思凡_F,False,0,16,4,,4436,0,0,2020-05-15 00:30:37,我在跟拼四胎的妈妈冷战 现在我不知道是我可怜 还是她可怜
欢喜三生,False,0,4,0,湖南省 - 长沙市,2654,1,0,2020-05-14 23:46:29,不明不白的开始，不明不白的结束，可笑我连结束的理由都不知道，可悲
你好--Y,False,0,2,1,河南省 - 新乡市,1482,0,0,2020-05-14 22:50:17,爱是愚人的国度  结局  是笑  是哭
桜咲子,False,1,22,7,浙江省 - 杭州市,5007,1,0,2020-05-14 21:27:06,阿成哥，我真的好喜欢你啊。可是，你总是让我患得患失，怅然忧愁。我有时小心翼翼，有时委屈求全，又有时敏感善妒。这不是我啊，我不该是乐观阳光善良豁达的吗。我到底该用怎样的爱来兼容你呢。原本，我要的是平等是你的偏爱啊。可我好像也舍不得退出…
秋河61,True,2,33,7,广东省 - 珠海市,8409,0,0,2020-05-14 20:33:51,这首歌竟然不是会员才能听的[色][色][色]
云卷云舒的小眼睛,True,3,1,1,河南省 - 周口市,9963,0,0,2020-05-14 20:24:42,第125遍
江海不渡_我自渡,False,1,12,10,江西省 - 赣州市,4637,0,1,2020-05-14 16:55:41,[大哭]翻着翻着就翻到了啊
6日妹,False,0,11,1,广东省 - 广州市,4480,0,0,2020-05-14 16:30:00,我哭了QAQ
你离开了南京_从此没人和我说话,False,27,84,16,贵州省 - 贵阳市,9076,0,1,2020-05-14 15:19:11,九年了。
凌晨弎点钟,False,8,138,12,,4841,0,1,2020-05-14 13:25:17,前奏，天哪，每次听都想哭T﹏TT﹏T
寒暑不语春秋,False,3,4,2,广西 - 南宁市,1864,1,0,2020-05-14 10:07:57,好听缺不火说的是你吧
九月______________________,False,0,50,24,云南省 - 曲靖市,1899,2,0,2020-05-14 06:00:10,现在的年轻的人，每当看到别人甜蜜的爱情，心里涌起的竟不是感动和祝福，而满满的酸，只会大声嚷着虐狗。
绿水悠悠1708,False,0,3,3,山东省 - 济南市,230,0,0,2020-05-13 23:21:56,无法自拔
澄瀟渟,True,192,7,2,,3260,0,0,2020-05-13 23:17:05,好听！就是伤感[多多捂脸]今天我妈发现我一个秘密[多多大笑]想起初中的时候喜欢看漫画，那种一套二十来本那种[多多笑哭]可是她不让我看，我就偷偷看，美其名曰复习功课，熬着夜看，然后早上起来卷在被子里叠好，哈哈……然而~放学回来看到漫画书在书桌上[多多捂脸][多多捂脸]我妈还是我妈啊！
Shavengu,True,0,0,6,,4070,1,0,2020-05-13 21:35:52,我困于一地荒芜，愚己的国度。
自习室娱乐,False,45,1,15,浙江省 - 杭州市,13567,0,0,2020-05-13 21:10:56,睡觉时候满脑子都是这首歌
Q-欢颜,True,5,5,2,,5159,1,0,2020-05-13 18:26:32,所有人都以为你好起来了，但只有你自己知道，阴影就是阴影 ，就像不会愈合的伤疤，它不会结疤一直都是钻心的疼…
来日晚安,True,105,167,22,,10117,0,0,2020-05-13 17:54:01,回忆也是美好的愚弄吧
zf_阿飛,False,30,2,15,吉林省 - 长春市,9170,1,0,2020-05-13 16:13:13,结局 是笑 是哭
Shawnkkay,False,110,36,13,,2400,0,0,2020-05-13 01:13:43,晚安
橙婳,True,10,2,4,海外 - 荷兰,9539,1,0,2020-05-12 17:27:52,不要叫醒装睡的人 退场的时候也要体面些
网易云音乐脑白金用户,True,12,12,7,,4474,0,1,2020-05-12 13:17:53,期待楼主下次再来[可爱]
悦见l,False,0,7,1,重庆市 ,1395,0,1,2020-05-12 13:10:44,我们班7对
Jessicajiujiu,False,31,5,3,广东省 - 广州市,4345,5,0,2020-05-12 11:22:09,士之耽兮，犹可说也。女之耽兮，不可说也。
终_奣,True,7,46,9,浙江省 - 杭州市,7331,1,0,2020-05-12 02:16:34,神仙姐姐
心裡美,False,129,56,11,辽宁省 - 大连市,6708,1,0,2020-05-12 00:58:57,晚上看到一个词“单性恋”，只爱不爱自己的人。说的好像我。
掐你月巴脸,False,0,6,0,四川省 - 达州市,1320,1,1,2020-05-11 22:52:27,梁静茹离婚了
掐你月巴脸,False,0,6,0,四川省 - 达州市,1320,2,1,2020-05-11 22:52:11,别诬陷
i最远的距离,False,3,4,86,湖南省 - 长沙市,8431,1,1,2020-05-11 22:33:41,Java  在此
君心我心3364,False,28,38,8,山东省 - 聊城市,2438,1,0,2020-05-11 22:22:56,我不懂 我不哭
中二疯不觉,False,0,13,2,四川省 - 成都市,7404,1,0,2020-05-10 20:50:43,真的难听……
Ialiew-,True,0,2,18,海外 - 玻利维亚,6930,4,0,2020-05-09 23:23:53,“你我登船，送命或寻欢。”
_-平凡,True,1,3,2,四川省 - 成都市,938,0,1,2020-05-09 21:09:35,你说的有道理
我在oilllyf,False,1,11,0,湖南省 - 郴州市,1968,0,1,2020-05-09 18:03:22,初中我们班5对  到高中一对都没有了
大旺喵咪,True,74,74,20,江苏省 - 南京市,13515,0,1,2020-05-09 16:46:44,哈哈哈，老实人，不给人装逼的机会，鄙人喜欢[奸笑]
谢俞同学,False,0,5,1,海外 - 日本,186,1,0,2020-05-09 16:20:31,渣男语录：那种感觉提不上来
听语,False,7,34,21,湖南省 - 长沙市,9634,0,0,2020-05-09 14:17:59,原来又有版权了，谢谢网易云
谁的小蔚蔚,True,0,7,3,,2730,0,1,2020-05-09 13:52:23,你咋翻到的呀
老天爸爸最喜欢的崽,True,0,5,2,广东省 - 深圳市,6753,0,1,2020-05-09 03:43:40,2020.5.9号啦，找到了没[憨笑]
王维卓的五味子,False,5,84,2,陕西省 - 西安市,10157,1,0,2020-05-09 00:18:32,燕姿的歌真是每一首都好听！
梦里梦她后知后觉后想念,False,0,3,1,安徽省 - 六安市,132,0,1,2020-05-09 00:02:50,谢谢啦
bolijigua,True,3,93,2,,6092,0,1,2020-05-09 00:01:04,运动 出汗
某某某某乔,False,9,5,8,四川省 - 成都市,5656,0,0,2020-05-08 23:47:34,人呐，最怕突然就听懂了一首歌
江海不渡_我自渡,False,1,12,10,江西省 - 赣州市,4637,0,1,2020-05-08 21:32:31,会过去了，有些事不用急着去解决，过好自己的当下就好了，一切都可与你无关
禾禾是禾禾,False,0,9,2,甘肃省 - 天水市,1684,0,1,2020-05-08 19:03:59,是的
禾禾是禾禾,False,0,9,2,甘肃省 - 天水市,1684,0,0,2020-05-08 19:01:46,我那么喜欢孙燕姿，但这首歌，我才刚刚听懂
惊魂记_ETur,True,1,4,0,江苏省 - 无锡市,1860,1,0,2020-05-08 13:33:33,不懂什么是爱，只在乎刹那的芳华
你的可乐瓶子掉了,True,3,13,2,贵州省 - 贵阳市,2851,1,1,2020-05-08 13:06:48,我也是哈哈哈哈
高祎寒,True,4,4,1,海外 - 冰岛,3390,0,1,2020-05-08 13:03:36,最合适的恋情
高祎寒,True,4,4,1,海外 - 冰岛,3390,0,1,2020-05-08 13:01:09,面对最喜欢的人的时候总是关注她的点滴，她接触的每一个异性都让我很酸酸的
有没有一首歌会让你想起我-_-,False,16,6,12,湖南省 - 衡阳市,4153,0,1,2020-05-08 00:33:36,好听！
夢潔mj,False,2,7,0,江西省 - 南昌市,1772,1,0,2020-05-07 17:21:26,又崩溃了一次 还是放不下 什么都没用 人家在往前走 我在一次次地陷下去
要554427,False,7,6,4,广东省 - 佛山市,1248,0,1,2020-05-07 13:12:20,好[色]
艾欣1711,False,0,5,0,浙江省 - 杭州市,802,0,1,2020-05-07 11:40:17,我还想半天，书里这句话在哪个地方？说的啥？[多多捂脸]
某某某某乔,False,9,5,8,四川省 - 成都市,5656,0,0,2020-05-06 19:00:46,这首歌好好听啊
-方知秋深,False,56,21,23,陕西省 - 西安市,7882,21,0,2020-05-06 11:16:40,不主动就是答案，没有回应就是拒绝。还等什么呢？
WeightXI,False,0,16,1,湖北省 - 武汉市,6284,1,0,2020-05-05 23:51:18,回复Astro神神：会过去的。
清坐到三更,True,3,7,19,海外 - 委内瑞拉,4780,1,1,2020-05-05 23:35:45,九年了
流浪者--影,False,0,8,2,,1008,2,0,2020-05-05 22:59:10,世间草木皆美，人不是。中药很苦，你也是。
慎独_erxy,False,22,81,10,浙江省 - 绍兴市,1685,0,0,2020-05-05 22:27:30,爱情不是比赛，也不是比较不是衡量，只是我们都不懂爱罢了
eisineier,False,2,12,1,江苏省 - 镇江市,2197,3,1,2020-05-05 19:32:09,祝你们永远快乐
乔嘻嘻嘻y,False,0,0,0,,3511,0,1,2020-05-05 14:51:16,哈哈
梦里梦她后知后觉后想念,False,0,3,1,安徽省 - 六安市,132,1,1,2020-05-05 11:53:33,谢谢啦
不拎,True,0,4,3,上海市 ,2688,0,1,2020-05-05 10:38:21,养狗，运动，看医生。
-疋月-,False,33,8,6,湖北省 - 武汉市,4159,0,1,2020-05-05 09:30:13,看医生吃药 别死
温特茶包,False,0,32,22,,5382,0,0,2020-05-05 01:16:10,不要推了，我收藏的好辛苦。
Astro神神,False,115,33,3,,3735,1,1,2020-05-04 23:55:53,太难了
梦里梦她后知后觉后想念,False,0,3,1,安徽省 - 六安市,132,0,0,2020-05-04 23:44:16,诸位老铁，我得了抑郁症，该怎么办。求解
她ta清扬婉兮,True,1,14,2,福建省 - 三明市,1019,5,0,2020-05-04 20:04:18,我太爱一个人了 ，爱了三年 ，爱得太满 ，却换来了一句“你走吧 ，我有需要我等的人了”
锦时_1991,False,0,6,1,陕西省 - 西安市,2649,0,1,2020-05-04 17:08:27,好羡慕，好好在一起呦，从校服到婚纱~
outsider-yuyin,False,52,19,5,河南省 - 郑州市,4900,0,0,2020-05-04 09:15:23,我和你的恋爱里，你总是太过理性，但是喜欢一个人不是会有冲动的吗?我不喜欢太过流程的爱情，你说你爱我，我却感受不到。我想让你给我打一个电话，你说不方便，我恳求加强迫，你还是听从你自己的意愿，并且让我理解你。我何必挣这一口气，你又何必不能让我一下呢。
WeightXI,False,0,16,1,湖北省 - 武汉市,6284,0,1,2020-05-03 21:59:21,其实这一辈子说长也不长呢，为什么一定要让自己伤痕累累呢？何必。所以，罢了，管好自己，别再肆意心动，也就少受点不该有的狼狈吧。
鸿门咒,True,18,139,20,湖南省 - 长沙市,6223,0,0,2020-05-03 14:43:30,这两天的日推全给我听初中 高中听的歌，是提醒我真的老了吗？[大哭] recess
_Lavita,False,12,20,6,,1934,1,0,2020-05-03 14:10:01,你遗憾么 全都是你自己选的
云云云云流,False,19,77,7,湖南省 - 衡阳市,3260,0,1,2020-05-02 20:21:20,你也太可爱了吧😊
我也曾想取个好名字,False,0,5,0,湖南省 - 娄底市,4823,1,0,2020-05-02 16:05:37,我知道啊 你是愚人 你是国度
killmethen,True,2,63,3,江苏省 - 南京市,1359,0,1,2020-05-02 13:51:14,嗯啊
做一颗太阳,False,3,7,3,,3778,1,0,2020-05-01 23:12:24,剧情是哭。
泡芙小姐爱阿信,False,0,4,0,北京市 ,341,1,0,2020-05-01 23:03:53, MV我连续看了好多遍，很有带入感，音乐很有层次感
D-璃歌歌,False,0,25,2,江苏省 - 南京市,1185,0,1,2020-05-01 10:42:09,问世间情为何物……，爱多了伤多了会好的。因为真的，习惯了，然后会伪装成刺猬
铜豆鼻塞,True,0,9,0,湖南省 - 长沙市,276,0,0,2020-05-01 08:24:09,@小桥190801 好听
We1lezs,False,0,5,2,山东省 - 德州市,1015,1,0,2020-05-01 07:54:56,嗓音好好听
薄雪GAO,True,68,31,214,陕西省 - 宝鸡市,9159,1,0,2020-04-30 22:17:31,日推
Tonlng,False,0,2,0,山东省 - 滨州市,656,6,1,2020-04-30 21:21:38,最后走到一起的太少了
你看我多乖多聪明多么听话_,True,11,64,6,河南省 - 郑州市,8558,0,1,2020-04-30 13:21:35,Java是世界上最好的语言  手动狗头
豆芭鬼,False,33,67,22,浙江省 - 杭州市,4743,1,0,2020-04-30 10:27:40,爱是愚人的国度~
加一就加一,False,0,1,1,浙江省 - 温州市,983,0,0,2020-04-30 10:23:01,大学在ktv里再唱这首歌，大家都很轻松，他们不知道这是我六年来第一次再敢听，我也不知道那时恋爱中的我唱起来依然痛苦
晓云志,False,2,15,2,香港 ,3250,0,1,2020-04-30 10:19:33,没有错不错，只有穷不穷，富不富
YAMUM,True,37,9,3,,8335,0,1,2020-04-30 09:41:26,哈哈哈哈
对-没颜值,False,7,3,0,山东省 - 青岛市,6823,4,0,2020-04-30 09:18:55,求求你了，放过我吧，我已经快承受不住……                                                        我一直都没有抓住你啊，是你自己不愿意放过自己。
球球-0103,False,0,10,2,重庆市 ,939,7,0,2020-04-29 21:49:56,爱是愚人的国度 看我们演的好辛苦
氷靑,True,2,5,22,山东省 - 济南市,20540,1,0,2020-04-29 20:56:33,还是老哥好听
ghostlove_,True,256,109,20,,4079,5,0,2020-04-29 14:54:58,其实我一直悲观，只是习惯用乐观来安慰自己
紫夢有痕,False,22,29,110,,29362,1,0,2020-04-29 12:46:41,谢幕！
咆噪的肚子,False,12,38,5,海外 - 阿尔及利亚,2365,5,1,2020-04-29 12:38:58,真的 人间失格里哪有这句话啊[大哭][大哭]
冷逗逗的小狮子,False,35,13,1,江苏省 - 镇江市,2844,9,1,2020-04-29 10:02:45,真的去看一下太宰治的《人间失格》吧，别在网上看这些乱加名号的毒鸡汤。
当年手种红药一壶,True,7,22,5,重庆市 ,1944,1,1,2020-04-29 09:17:16,你不如找个假女朋友，也不用互删[奸笑]
悲伤的头头_z,False,0,1,9,,3653,0,0,2020-04-28 16:09:04,10岁的时候听，听到现在
瀕危物種_-,True,0,6,8,,5141,2,1,2020-04-28 15:21:42,不知不觉六年了。
_忽而半夏,False,61,42,22,,2067,0,0,2020-04-28 13:41:55,留。-
上上签w,False,0,4,1,河南省 - 开封市,1403,1,0,2020-04-28 10:13:55,想起16年的五月，谁知道想要离开的那个人已经难过到什么地步才做出这个决定了呢。每次矛盾时对方的视而不见听而不闻最令人心寒
小耳朵呀呀-,False,24,11,0,辽宁省 - 大连市,3317,0,0,2020-04-28 09:55:14,懦弱真的害人害己
帐号已注销,False,112,20,4,,1474,0,0,2020-04-28 06:33:54,四月一号愚人节，我在五年日记里记了一句歌词“爱是愚人的国度”
哦哈呦ssjy,False,0,3,0,江苏省 - 南京市,476,0,0,2020-04-27 21:25:10,伤感的歌才是最动听的
ySofia,False,4,4,1,北京市 ,1770,1,0,2020-04-27 19:57:28,忘记是第多少次单曲循环。就想试一下：如果两个人到了互相疏远的时候，是该想悲伤又心碎的事情，还是该想，其实曾经有过那么多美丽的时刻。那时候，无论在哪，你的眼里都只有我的时刻。怎么样才能宽慰自己：曾美丽，我满足了。即使答案不清楚，我心甘情愿地谢幕。
今天夜间到明天白天,True,8,38,13,,11826,1,0,2020-04-27 10:11:58,燕姿的写的歌词很能打动我
她与晚安皆已失,True,0,11,2,上海市 ,1687,4,0,2020-04-27 00:53:04,我女朋友说 会有恰到好处的陪伴和莫名其妙的温暖
CANJOYCER,True,3,23,4,云南省 - 红河哈尼族彝族自治州,7232,0,1,2020-04-26 18:23:56,2020年了 还有机会吗
小之之小可爱,True,14,5,2,北京市 ,4976,0,0,2020-04-26 10:01:22,这首歌的旋律好棒~
好好先生-悸,False,1,22,5,上海市 ,4722,0,0,2020-04-26 07:13:09,五年前的歌，我居然今天才听到，我到底还要错过什么
cz_故里,False,8,13,1,浙江省 - 杭州市,5030,0,0,2020-04-25 21:43:48,居然推到了 燕姿姐姐歌 哈哈 很爱[大哭]
噜啦哈o,False,5,48,9,,3969,1,0,2020-04-25 21:17:42,像 爱是迷人的国度
怔怔地,False,3,17,1,湖北省 - 咸宁市,6836,0,1,2020-04-25 21:17:27,喔，是喰种嘛。
是鹿先森吖L,False,28,2,1,浙江省 - 金华市,7429,2,0,2020-04-25 21:10:38,感性告诉我，我是个愚者永远看不清自己想要什么～理性告诉我，我是个智者把什么都看得太清楚。
风知道他从哪来,False,11,152,15,,2556,0,1,2020-04-25 17:18:15,什造！
__虹与霞的相见,False,2,5,1,内蒙古 - 鄂尔多斯市,4295,2,0,2020-04-25 15:36:33,肾虚公子：我发誓对你好，我骗你我是小猪！
知了去海边,True,1,9,0,北京市 ,972,0,0,2020-04-25 00:44:48,要走多久才能走到感情的终点
耗子扛刀去戏猫,False,1,10,2,安徽省 - 合肥市,3559,2,0,2020-04-24 23:31:28,活了二十多年，发现自己一直在自作多情。。。
五五五颗糖,False,3,54,10,江苏省 - 扬州市,2866,0,1,2020-04-24 23:21:20,Woc我也是。这么巧的!!?
我啊_我是_,False,0,32,6,浙江省 - 金华市,679,1,1,2020-04-24 19:44:53,今年的情人节不能陪你，没关系，还有下一个愚人节
子尧九,True,0,10,7,海外 - 其它,14774,0,1,2020-04-24 13:39:44,旋律有些熟悉啊   记不起来了
Alaskan-bear,False,2,34,9,安徽省 - 阜阳市,4199,0,0,2020-04-24 13:09:03,我刚把驾照拿到手，[幽灵]
美佳家,False,12,5,1,甘肃省 - 兰州市,618,0,0,2020-04-24 03:23:13,选择性地活在谎言里最安全，就怕偶尔清醒不能自已
玫瑰少女007,False,0,5,0,广东省 - 广州市,4040,0,0,2020-04-24 02:58:23,听着听着就哭了，长大懂了很多
梦见小鸟,False,1,8,5,湖北省 - 武汉市,2419,0,0,2020-04-24 01:55:44,被她还回的音乐播放器，除了多了一缕久违的芳香，还多了一首愚人的国度
H2o-0905,False,0,17,7,广东省 - 深圳市,2211,0,0,2020-04-23 22:50:29,现在才喜欢孙燕姿还来得及吗
若念-莫离,False,0,14,0,江西省 - 南昌市,3284,0,0,2020-04-23 21:03:46,回不到的最初，那就各自安好吧
杰米-Jamie,False,1,33,4,北京市 ,5511,1,0,2020-04-23 20:38:11,我永远喜欢孙燕姿的声音
meijiul,True,0,0,0,,13156,0,0,2020-04-23 16:12:49,还是这首歌最能表达 有点难过
五香鸡翅,False,1,26,4,江苏省 - 盐城市,5568,0,1,2020-04-23 12:56:46,一眨眼九年过去了
陈二狗的妖孽,False,0,21,3,天津市 ,1551,0,0,2020-04-23 10:13:11,都是演员
荣荣66666_yBGI,True,1,4,0,湖南省 - 长沙市,428,0,0,2020-04-23 00:46:53,好伤感的歌
大概你也曾感动j,False,3,17,1,广东省 - 深圳市,4188,1,0,2020-04-22 21:39:51,我们都回不去最初
大风吹起扶摇直上,False,2,2,0,,255,0,0,2020-04-22 18:00:10,南方的风经不起北方的寒冷 迟到的深情比草都轻贱
斜阳独倚西楼,False,0,32,18,,2788,1,0,2020-04-22 11:22:46,长相思兮长相忆，短相思兮无穷极。早知如此绊人心，何如当初莫相识。
默寻如从前,False,0,28,2,,886,0,0,2020-04-22 10:13:59,明明是爱的
Double_Simple,True,149,27,9,浙江省 - 杭州市,4489,0,1,2020-04-22 10:02:44,我也是 ，我上一首歌刚听完想自由
cheeeeeeeeen_,False,19,29,11,,2968,0,1,2020-04-22 07:18:27,这样多好啊，终于有一个APP可以不用顾及别人只管自己了，可以随心所欲的说了呀[呲牙]
永不开封的汽水是你,False,0,13,1,四川省 - 泸州市,3600,0,1,2020-04-22 01:39:47,谢谢～初心在，就不怕会失望。
-xxx-_h,False,5,51,25,,4114,0,0,2020-04-21 23:31:44,愚
亚柳青菲,False,1,6,4,福建省 - 福州市,4832,0,1,2020-04-21 22:15:56,加油！
IrisRenata,True,118,32,4,重庆市 ,5034,0,1,2020-04-21 17:58:34, 溫柔大方 善解人意...........通常都是面对不那么爱的人~
瑶啊瑶瑶到外婆桥啊,False,1,5,3,湖南省 - 长沙市,2282,0,0,2020-04-21 15:37:36,这首歌听了莫名想哭
虽见犹怜,True,0,0,7,,18645,0,1,2020-04-21 13:39:12,加油 我爱你
矢灮,True,4,4,7,陕西省 - 西安市,1474,0,1,2020-04-21 13:25:43,现在可以说我小的时候偶然间听到过   而后每次再听到   感受愈发深刻
六月是暴雨加水雾,True,2,27,7,重庆市 ,2818,0,1,2020-04-21 12:58:03,是的，9年了
六月是暴雨加水雾,True,2,27,7,重庆市 ,2818,11,1,2020-04-21 12:57:11,11年的专辑，燕姿的歌基本不会撞曲
周牙牙的猫咪,True,77,10,134,,7474,0,1,2020-04-21 07:34:24,找不到了世界太大
北海有只小鱼,True,20,64,10,北京市 ,13215,0,0,2020-04-20 23:13:18,忽然再听到，就会想，上学时候的歌，是最动听的歌
一缕阳光放心上,False,0,3,1,山东省 - 枣庄市,916,2,0,2020-04-20 17:54:30,真真假假，假假真真，在愚人的国度里兜兜转转了一圈
兰落飞羽,False,4,27,5,河北省 - 邯郸市,7569,0,0,2020-04-20 17:03:13,我还是
阿阿阿阿阿阿畅,False,0,10,5,湖北省 - 武汉市,5669,2,1,2020-04-20 13:24:15,九年后这是我第一次听这首歌，真的不过时好听[强]
爱音乐爱生活的O_O,True,0,13,3,广东省 - 茂名市,9824,1,1,2020-04-20 11:30:21,现在老了
卯月零六,True,0,17,0,安徽省 - 亳州市,740,3,0,2020-04-20 07:23:21,穿过一地荒芜，幸福不能触碰。
Nocc呦,True,1,13,2,,21547,2,0,2020-04-20 01:29:18,已经没动力为自己做什么。三年做了很多，现在不知道怎么去改变。不留选择的爱看来很幼稚。可能是自己做的不好才会尝到恋爱不一样的味道[憨笑][憨笑][憨笑]
霜花尽,True,0,10,1,重庆市 ,9122,0,0,2020-04-19 22:07:11,每次听都会被触动
似寻梦cy,False,0,15,3,重庆市 ,5783,5,0,2020-04-19 20:00:22,恋爱中的人容易变成愚人，明明爱着却总是伤害对方
白兰鸽hhhhhy,False,2,12,2,湖北省 - 黄冈市,2913,0,0,2020-04-19 15:24:37,心里乱乱的，打个卡
Ctrl杨,False,1,5,1,,8456,1,0,2020-04-19 13:01:49,我想跟你说，我不会喜欢你了，
桃_之,True,14,63,21,甘肃省 - 庆阳市,12154,0,1,2020-04-18 21:58:47,怎么舍得，怎会舍得。
炸胡哈哈,False,0,41,5,广东省 - 江门市,1926,6,0,2020-04-18 21:51:25,爱是愚人的国度，你不配拥有我的爱，祝你长命百岁，岁岁年年不顺遂，祝你每夜想我念我入骨辗转反侧！
太平洋呼叫大西洋,False,0,11,0,北京市 ,4353,3,0,2020-04-18 20:46:11,打破8888，记住我是第8889条
WeightXI,False,0,16,1,湖北省 - 武汉市,6284,42,0,2020-04-18 20:45:53,以朋友为名的撩拨，倏然抽身离去，被弃者宛如愚人，可笑可怜。好辛苦。不敢袒露喜欢，害怕连朋友都没得做，不敢轻易打扰，害怕情不自禁，到底是怎么了，竟然沦落到这般狼狈，疲惫累累。我有点喜欢你，我想喜欢你，我不敢喜欢你。
曰目,False,32,8,1,,8235,0,0,2020-04-18 19:59:04,原来，不管多大的年纪也有可能做一回愚人啊
来自雪城的血橙,True,9,9,0,,1401,2,1,2020-04-18 19:24:20,好了，九年了
nature0203,False,0,9,1,上海市 ,3108,1,0,2020-04-18 16:11:44,不能自拔 不懂退出[流泪]
永不开封的汽水是你,False,0,13,1,四川省 - 泸州市,3600,1,1,2020-04-18 14:45:28,念念不忘，必有回响。
一些些老旧唱片,False,1,23,10,海外 - 丹麦,2856,0,1,2020-04-18 11:07:48,但是他最终还是成了你前男友
永不开封的汽水是你,False,0,13,1,四川省 - 泸州市,3600,0,0,2020-04-18 02:28:31,一直喜欢孙燕姿，所以前男友追我的时候学会了唱孙燕姿的每一首歌，包括告白唱的都是孙燕姿的歌。他的烟嗓唱出来的每一句都是那么不搭调，但是我还是选择了跟他在一起。
靓丽的珍妮,False,2,83,2,陕西省 - 西安市,1199,1,0,2020-04-18 02:03:00,是疲惫还是依赖的束缚。
要554427,False,7,6,4,广东省 - 佛山市,1248,0,1,2020-04-18 00:23:15,好哦～谢谢
要554427,False,7,6,4,广东省 - 佛山市,1248,0,1,2020-04-18 00:23:00,好的好的 我今天刚嫌弃完他[大哭]
爱你越久我,True,3,34,0,吉林省 - 长春市,2555,0,1,2020-04-17 22:48:28,9年了
pink---qi,False,0,9,0,广东省 - 东莞市,677,0,1,2020-04-17 19:39:33,祝福你呀！
fg一世一人,False,0,2,2,重庆市 ,1701,1,1,2020-04-17 19:37:11,唉，我也知道
杰不思,False,4,31,2,广东省 - 惠州市,7256,1,0,2020-04-17 17:29:56,一个人坐车靠窗，听歌看外面，总会掉很多眼泪。
雨季不洅來,False,7,64,41,江苏省 - 常州市,8848,0,0,2020-04-17 13:39:39,在不懂爱的年纪听出了爱的觉悟，而今又不明白当初觉悟了些啥！
没能熄灭,False,20,37,29,江苏省 - 南京市,6204,0,0,2020-04-17 00:33:18,响铃到站
福福福嘟嘟噻,True,15,60,14,北京市 ,9254,1,0,2020-04-16 21:34:05,@Iris兔子 小兔子，乖，不气了
成全是种孤独,True,0,29,9,河南省 - 郑州市,1078,1,1,2020-04-16 12:07:53,哈哈哈哈，喜欢她的你也很温柔吧。
由来一声笑,False,9,69,1,河南省 - 漯河市,7147,5,0,2020-04-16 10:31:52,这种转音是适合孙燕姿的
桃子肥fei,False,2,10,0,台湾省 - 桃园县,1036,0,1,2020-04-16 06:22:16,哇加油加油要一直到结婚噢
banshore,True,0,10,2,贵州省 - 贵阳市,2100,1,0,2020-04-16 01:35:01,这歌听了很多年，终于在这个晚上听懂了
这一季已结束,True,0,11,9,,5752,0,0,2020-04-15 23:12:06,呼吸声能隐藏的再好点就好了。
LA吹神,False,1,3,8,河南省 - 南阳市,1141,1,1,2020-04-15 22:43:05,我7年前就觉得这首好听了，你好five[多多比耶]
若守得云开终见月明,False,4,34,5,广东省 - 广州市,3933,2,0,2020-04-15 20:43:21,智者不坠爱河
一只mini虾爬子,False,20,7,6,,2232,3,0,2020-04-15 18:04:30,咋这么好听啊@LA吹神
今天又不写作业啊宝贝嘤,False,0,37,4,广东省 - 汕头市,1710,0,1,2020-04-15 17:25:26,9年了
从天上往下瞅你,True,0,10,8,山东省 - 潍坊市,2638,1,1,2020-04-15 10:28:29,简简单单，可可爱爱
我想看星星也想看你-Try,True,7,6,5,河南省 - 郑州市,6634,0,0,2020-04-15 10:14:01,愿意温柔细腻对待他人的人太少了
WellV1012,False,7,11,4,北京市 ,10151,2,0,2020-04-15 09:56:45,上次循环孙燕姿还是大一，10年了。
张宏钊1842,True,1,5,1,广东省 - 深圳市,633,0,0,2020-04-15 00:53:42,我们都回不去最初
fg一世一人,False,0,2,2,重庆市 ,1701,0,1,2020-04-14 23:48:25,真的发生了太多太多的事了，
fg一世一人,False,0,2,2,重庆市 ,1701,0,1,2020-04-14 23:46:24,谢谢你
fg一世一人,False,0,2,2,重庆市 ,1701,1,1,2020-04-14 23:46:11,我们七年了，我还没有离开的勇气，还在挣扎
fg一世一人,False,0,2,2,重庆市 ,1701,0,1,2020-04-14 23:44:53,为什么这么多人都会被伤害
fg一世一人,False,0,2,2,重庆市 ,1701,0,1,2020-04-14 23:44:16,都在演
fg一世一人,False,0,2,2,重庆市 ,1701,0,1,2020-04-14 23:43:59,我也没有想清楚，在爱情中迷失了自己，很痛，却还是放不下
虽见犹怜,True,0,0,7,,18645,0,1,2020-04-14 23:43:06,2020要加油啊 会好起来的 记得要笑呀
小绵羊失眠的时候也会数自己吗yu,False,34,5,27,广东省 - 茂名市,5348,4,0,2020-04-14 17:04:34,真的很喜欢日推啊
夏末蝉茗yu,False,276,42,104,,4967,3,0,2020-04-14 12:27:45,好听好听好听！！！
Nania-Kimberley,False,13,108,7,海外 - 泰国,4677,0,1,2020-04-14 10:01:26,"发现自己爱错人之后的每一天都是清明节,只能死撑到属于自己的复活节到来那天,复活节到来后期待以后可以和新爱的人过“情人节”,就怕情人节是愚人节裹着蜜糖的外皮."
不太开心的开心熊,False,3,7,5,,936,3,0,2020-04-14 03:26:52,越长大越喜欢孙燕姿
Mr_Cabbage,False,4,106,9,浙江省 - 杭州市,6547,5,0,2020-04-13 19:58:55,燕姿的歌是毒药也是解药[口罩]
十五骗了十三,False,36,9,12,江苏省 - 苏州市,3878,3,0,2020-04-13 18:41:44,我还是会想起你，偶尔的时候
陈生的小姐,False,3,20,4,广东省 - 云浮市,2156,0,1,2020-04-13 18:29:51,我也觉得好听
陈生的小姐,False,3,20,4,广东省 - 云浮市,2156,1,0,2020-04-13 16:12:47,好好听
荣荣66666_yBGI,True,1,4,0,湖南省 - 长沙市,428,3,0,2020-04-12 22:48:01,我们都回不去了。
来日可期223,False,0,21,2,山东省 - 德州市,372,0,1,2020-04-12 19:23:26,想自由太爱了
要554427,False,7,6,4,广东省 - 佛山市,1248,0,1,2020-04-12 16:58:25,哈哈哈哈哈好咧
薯味草,False,9,44,11,浙江省 - 杭州市,3395,3,0,2020-04-12 14:44:22,这居然是11年的专辑。。
快楽再光临,True,2,8,14,,3913,2,0,2020-04-12 14:35:27,不能自拔 不懂退出
无我心境,False,1,4,0,陕西省 - 西安市,957,2,0,2020-04-12 14:13:17,很多喜欢听的歌 网易云音乐都收费了😔
一闪一闪刘一诺,False,16,3,6,,2927,2,0,2020-04-12 12:01:35,人啊总是不满足 所有人都活的很明白 只有我自己想不清楚
三北先森,False,28,33,22,新疆 - 哈密地区,3459,3,0,2020-04-12 01:31:44,太好听了吧
Tovi,True,43,446,26,,12010,1,0,2020-04-12 01:24:14,看我们演的好辛苦
Tovi,True,43,446,26,,12010,5,0,2020-04-12 01:22:08,你没有愚到别人，你愚到了你自己。
拍拍酱呀,False,1,6,2,河南省 - 郑州市,255,0,0,2020-04-11 22:35:11,@不老勋章 姐姐学习，不要闹。可以听听歌👧🏻
AL7出了才改名,True,203,230,174,,4431,0,0,2020-04-11 17:08:42,日推燕姿😃
都可以慢慢来,False,0,7,8,,3614,0,1,2020-04-11 16:33:43,每天都是自己骗自己
廖清和,False,49,3,56,湖南省 - 长沙市,13708,12,0,2020-04-11 09:22:58,突然发现我好喜欢孙燕姿，唱歌好好听，每首都好听[爱心]
柒--旭,False,0,14,2,黑龙江省 - 哈尔滨市,7533,1,0,2020-04-11 09:03:16,好爱这首歌
Husher1903,False,2,5,2,天津市 ,1809,2,0,2020-04-11 01:04:48,我们的心境也逐渐接近这张专辑了。
苏苏和雯雯,False,17,47,4,云南省 - 昆明市,2290,4,0,2020-04-10 22:36:20,网易云总能在你失恋的时候歌曲推的恰到好处
seman-Lung,False,1,2,29,广东省 - 佛山市,4166,0,1,2020-04-10 21:52:59,第几次？到底有几个？
daccin,False,0,3,0,广东省 - 广州市,4620,2,1,2020-04-10 11:44:39,现在9年了
小帅木木夕,False,1,3,5,广东省 - 深圳市,2894,0,0,2020-04-10 08:37:26,昨天在陌生的街角，坐上60路巴士，夜色依然灯火璀璨。时间像是一下被拉回大学时候。其实一切都变了。又放佛一切又回到从前…
洵洵洵洵洵乐,True,9,44,6,广东省 - 汕头市,5678,0,1,2020-04-10 00:33:45,抱抱，要开心喔
酸酸甜甜心动,False,1,49,21,江苏省 - 无锡市,7053,0,0,2020-04-09 22:04:05,我真的好脆弱
舞池里的千颂伊,False,665,107,22,上海市 ,4302,0,1,2020-04-09 19:50:54,常常更新好吗！！
舞池里的千颂伊,False,665,107,22,上海市 ,4302,0,1,2020-04-09 19:50:43,哇塞！！太绝美了！！！！
小喵小汪TAT,True,2,11,1,湖北省 - 武汉市,1901,0,1,2020-04-09 13:10:46,太真实了，引起不适[大哭]
Beyonce的粉丝,False,0,61,2,,2067,1,0,2020-04-09 10:13:39,你记得或不记得 懂或不懂 在不在意 我不纠结 我不怪你
隻虎,True,0,11,6,四川省 - 成都市,11968,3,0,2020-04-09 07:56:20,4月8日一声令下将武汉解封，4月8日一份协议将爱情封印，结局是笑还是哭？
滴啵滴啵滴-蹦迪带护膝,False,4,8,4,浙江省 - 金华市,6405,3,0,2020-04-09 00:01:42,我们在23:34互道了晚安，24:00同时给一个人点了赞，我们都不会拆穿彼此，就好像其实我们也没有那么爱嘛
把情绪调成静音模式,True,0,1,2,,4429,0,1,2020-04-08 23:12:53,看个人。
爱Yummy呀,False,106,41,29,陕西省 - 西安市,6271,0,0,2020-04-08 23:11:29,愚人
加岛优,False,11,21,6,海外 - 瑞士,1753,0,0,2020-04-08 22:25:07,之前都没有的
加岛优,False,11,21,6,海外 - 瑞士,1753,0,0,2020-04-08 22:24:59,燕姿好多歌要VIP啊
咸趣饼干,False,6,16,1,陕西省 - 西安市,2072,1,0,2020-04-08 22:19:52,在日推里的老歌，好久没听还是好听
娜娜娜美腻,False,0,6,0,安徽省 - 合肥市,4750,0,1,2020-04-08 21:19:29,一定很辛苦吧！
l孤s影j,False,0,15,0,,1603,0,1,2020-04-08 15:11:16,哈哈，好不容易酝酿的悲伤情绪被你一下弄没了
l孤s影j,False,0,15,0,,1603,1,1,2020-04-08 15:08:24,真的不可以信吗？
把情绪调成静音模式,True,0,1,2,,4429,2,0,2020-04-08 14:38:26,爱，以前也信过，以后…没有以后了。
雪棣棣,False,0,9,0,福建省 - 漳州市,1506,1,1,2020-04-07 21:41:27,刚好相反
喵喵_mua_,False,4,4,5,,3002,14,0,2020-04-07 14:45:59,越到后来越发现，未遂的爱，最浪漫
要554427,False,7,6,4,广东省 - 佛山市,1248,0,1,2020-04-07 12:43:21,好着呢！！！[亲亲]
要554427,False,7,6,4,广东省 - 佛山市,1248,0,1,2020-04-07 12:43:11,还在一起！！！
要554427,False,7,6,4,广东省 - 佛山市,1248,0,1,2020-04-07 12:43:02,还在一起呢！！
咦我的腰呢,False,114,22,21,,13925,0,1,2020-04-07 12:17:50,哈哈哈哈哈
-野生栗子-,False,0,5,1,湖北省 - 武汉市,5371,5,0,2020-04-07 11:31:20,初中时听过，那时候只爱旋律；如今大学毕业两年了，再次听到，不知怎么地，胃和心一起绞痛了好几秒
芊小尘,True,0,42,82,,2610,2,0,2020-04-07 10:50:12,好歌
无恶不作徐花花,False,10,15,19,,1412,1,1,2020-04-07 10:13:18,九年啦
咩妹酱-,True,5,24,8,,4672,0,1,2020-04-07 08:20:12,九年了
halo叶叶叶,False,0,0,0,福建省 - 厦门市,3901,2,0,2020-04-06 22:40:48,我一直把 愚人演出 听成“鱼人眼珠”👀
邇溪,False,5,4,7,北京市 ,3166,3,0,2020-04-06 22:35:03,还是不够成熟才觉得爱可以挽留
江心无安城,False,4,54,1,,3111,3,0,2020-04-06 13:23:04,爱情愚人，不必深入。
宿生薄命,False,0,11,0,,3057,1,0,2020-04-06 10:58:37,不想再动凡心、
Michellekaa,False,5,15,7,台湾省 - 澎湖县,5168,1,1,2020-04-05 23:55:04,已经第九年啦
a故兮,True,16,48,16,云南省 - 保山市,4152,23,0,2020-04-05 16:14:27,屏幕前的你我不认识你但我祝你坚强祝你可爱 祝你善良一生向前永不回头
今夕何夕gns,False,0,5,2,重庆市 ,816,3,0,2020-04-05 14:55:25,孙燕姿！
盛志浩啦啦啦,False,0,19,4,北京市 ,2007,3,0,2020-04-05 11:52:09,用了五年网易云，第一次评论，和三年多的女朋友分手了，我们都舍不得但继续下去只会互相耽误吧，昨天她在票圈分享了这首歌，我好想哭啊。
无常如风起人生不可弃-,False,0,1,2,河北省 - 廊坊市,1710,2,0,2020-04-05 02:52:27,剧情 是笑？是哭？
海里有好多鱼,False,0,54,202,,15377,0,1,2020-04-04 23:44:22,第一句确实是里面的啊…
武侠小生,False,0,0,0,福建省 - 泉州市,555,0,1,2020-04-04 23:13:24,也许很多次酝酿很久的话已经写好了，只是没有勇气点击发送而已
吃饱了吗今天,False,0,5,1,湖南省 - 长沙市,988,4,0,2020-04-04 21:29:33,好好听！感谢网易云推荐 好喜欢❤
是绝望的小七吗,True,21,18,7,云南省 - 西双版纳傣族自治州,5036,0,1,2020-04-04 20:39:14,现在还好吗
叭叭叭个叭叭,False,1,43,1,,2130,0,1,2020-04-04 20:38:19,现在还在一起吗
流氓eason,False,3,0,3,江西省 - 南昌市,4756,2,0,2020-04-04 20:36:42,我记得那时候燕姿刚出专辑的时候说 时隔了好久 她也长大了 歌迷也长大了  可能大家心理都改变了 所以她也在探索怎样的音乐能够更反应现在的心情
丿灬灬丿灬丨,False,2,56,9,海外 - 阿尔及利亚,5727,3,0,2020-04-04 14:11:31,55好好听
大白兔奶糖mi,False,0,15,1,,2106,1,0,2020-04-04 13:31:34,重新又开始每日推荐了，挺对胃口
大胸弟12138,False,0,15,6,河南省 - 新乡市,5589,8,0,2020-04-04 12:40:43,建议网易开发一个新功能，每个人都在自己方圆1公里的地方定个点，自己设置15首推荐歌曲，当有人踏入这个定位范围，就可以看到推荐人推荐的歌单！ 走到哪里我们都不孤单！！！
舞池里的千颂伊,False,665,107,22,上海市 ,4302,1,1,2020-04-04 11:58:06,现在的生活怎么样了啊！！！！
倒戈特,False,0,19,9,河南省 - 许昌市,451,2,0,2020-04-04 00:30:15,说起这段关系多少年多少年多吓人一样，其实风一吹也不剩什么东西了
城南待君归矣,False,3,18,25,,8399,1,0,2020-04-03 22:03:15,昨天我写的邮件 今天凌晨他回了 很无聊 很繁琐的事情 不管是站在什么立场 他希望我好 那我便安好 原来也不是没有被在意.
万还是one,True,0,34,10,山东省 - 菏泽市,1591,3,0,2020-04-03 20:29:49,刚才我喜欢的那个人的歌单里听到了这首歌，高中的时候我就很喜欢她，可你在那样一个特别好的班级，让我觉得我不配跟你在一起，大学了，大学了，不知道如何咱俩逐渐联系起来，说的话越来越多，慢慢的，我同学都说咱俩应该在一起，可我直到现在都不敢跟你去告白。听着你喜欢的，想着你就够了
任公子_,False,8,17,22,海外 - 英国,3455,0,1,2020-04-03 19:09:25,过年的时候分手惹[流感]
元气少女郭德钢,False,4,13,1,山东省 - 潍坊市,1026,6,0,2020-04-03 16:24:18,我本之间的伪装不过是：一见如故，再见陌路
囍恶loser,True,12,33,7,甘肃省 - 兰州市,7695,1,1,2020-04-03 16:09:12,十年了
D民谣与猫,False,2,2,4,广东省 - 广州市,1284,5,0,2020-04-03 14:47:24,十年前我的初恋给我听的这首歌。十年后的我还听这首歌
不羁旳醉与醒-,True,0,3,6,江苏省 - 南京市,7554,0,0,2020-04-03 03:58:27,为何看着歌词我听的这么窒息
Sison_engh,False,1,12,12,,2828,3,0,2020-04-03 02:16:37,回头看，已是面目全非。
可爱鬼阿訫,False,2,18,4,,6113,7,0,2020-04-03 01:57:26,亲手推开的人，怎敢明目张胆的怀念
玛丽莲小可爱,False,0,7,4,江苏省 - 苏州市,5162,2,0,2020-04-02 23:51:40,这么些年最后愚了自己。真痛苦
跳舞的梵谷yanzi,True,35,23,48,湖北省 - 襄樊市,3575,3,0,2020-04-02 17:13:38,哈哈哈哈昨天忘记来听了
肖兔啵,False,0,18,4,广东省 - 汕尾市,979,1,1,2020-04-02 15:15:02,九年了
_Punky_,False,31,24,248,,11342,1,1,2020-04-02 10:27:58,我也是的
热泪90,False,31,15,5,江西省 - 赣州市,5544,1,1,2020-04-02 10:18:50,4.2的日推必听
Lainey_cl,False,2,2,9,湖南省 - 长沙市,8745,5,0,2020-04-02 09:55:18,四月的谎言 是年少时的喜闻乐见后来无人行骗 却到处谎话连篇 做个愚人 保存天真
Dorisooooo,False,2,19,7,重庆市 ,3390,6,0,2020-04-02 09:40:37,好想你呀 你为什么不能继续骗骗我 要逃走呢
喜欢喝可乐的阿远,False,2,13,4,浙江省 - 金华市,3964,2,0,2020-04-02 09:22:23,有没有人和我一样觉得这首歌的小提琴伴奏很厉害
君不见川行,True,119,41,10,海外 - 冰岛,11821,1,0,2020-04-02 08:51:39,爱是愚人的国度
雨的印记190518,False,1,5,0,河北省 - 保定市,932,3,0,2020-04-02 05:45:21,好想呀，你可不要跑。
猪猪詹娜,True,0,0,0,,19455,2,0,2020-04-02 01:53:04,好想你呀 可是再也不能像从前那样了
爵士乐与鱼Z,False,0,10,33,,6922,5,0,2020-04-02 00:59:03,愚人快乐。这首歌大概是4.2必听。
AKP_Eight,False,0,14,2,浙江省 - 杭州市,5229,2,0,2020-04-02 00:40:40,可我想你啊
W择言,False,0,14,1,浙江省 - 温州市,1796,1,0,2020-04-01 23:45:12,愚人节快乐，我想你禾乃
紫荆旗是红色的,False,4,141,6,上海市 ,3206,2,0,2020-04-01 23:44:07,抓住愚人节的尾巴
_吴子诚,False,22,107,39,广东省 - 揭阳市,7317,2,0,2020-04-01 23:42:38,每个4.1必备
哎呦打了个嗝,False,6,11,6,,4395,3,0,2020-04-01 23:20:34,就这样吧，我也该重新开始了，好好睡觉，好好吃饭，好好生活
Decca被注册了,True,0,45,5,,6994,3,0,2020-04-01 23:09:41,今天愚人节 也是四月第一天 第二季度的开始 今天停暖气了 我才明白其实我只需要一个人 他会说 是啊 今天家里一定很冷吧
TaylorSwift離若,False,35,119,6,广西 - 桂林市,5801,1,0,2020-04-01 23:06:22,愚人节快乐
_陈小仙er报告完毕,True,33,2,6,,1050,1,0,2020-04-01 23:03:40,我们已经过了愚人节那天去讲幼稚玩笑的年龄…这个年龄能让你感受被愚弄只有你最亲近的人了
Sue大大红,False,0,5,5,,6746,2,0,2020-04-01 22:57:21,愚快
辰沫姿77,False,7,10,2,,5612,1,0,2020-04-01 22:42:53,愚人节快乐
emilyyyyy1,False,6,5,0,浙江省 - 杭州市,260,1,0,2020-04-01 22:30:53,愚人节
顾忍冬,False,0,20,1,湖南省 - 衡阳市,911,1,0,2020-04-01 22:11:05,2020-4-1打卡
云语Leido,False,2,30,3,辽宁省 - 沈阳市,3794,2,0,2020-04-01 21:57:08,今天是愚人节 愚人快乐
士多啤梨_邦,False,14,13,13,北京市 ,5984,1,0,2020-04-01 21:44:30,嗯 虽然今天的话不能当真 但我还是希望你多说几遍我爱你
屈凡小不铃叮凡,False,0,24,5,,11041,4,0,2020-04-01 21:44:12,每年愚人节  都回来听这首歌
应该快乐_,False,0,12,0,四川省 - 成都市,360,2,0,2020-04-01 21:03:43,生活中本就充满了失望 不是所有的等待都能如愿以偿
圆圆女孩的夏天,False,7,27,15,河南省 - 商丘市,6101,4,0,2020-04-01 20:50:51,2020愚人节推了这首歌愚人节快乐
抱着月亮打盹儿oo,False,1,24,1,浙江省 - 温州市,13712,1,1,2020-04-01 20:50:09,愚人节快樂
0432腾,False,0,8,1,江西省 - 南昌市,1590,3,0,2020-04-01 20:49:50,愚人节快乐
春风十里不如wo1706,False,3,17,3,湖北省 - 十堰市,2128,2,0,2020-04-01 20:33:23,爱绝不是说谁而已，你走吧
易烊喜爱之鸵鸟,True,32,74,29,安徽省 - 安庆市,12201,2,0,2020-04-01 20:19:56,愚人节快乐
y_enihsnuSyM,False,6,18,1,四川省 - 泸州市,2143,2,0,2020-04-01 20:08:06,愚人节快乐
程岩_DG,False,8,19,23,吉林省 - 长春市,6837,1,1,2020-04-01 19:55:51,祝大家愚人节快乐[流泪]
Just丨丶,False,0,3,1,,3067,1,0,2020-04-01 19:52:58,不懂说点什么，祝大家今天快乐
MangCo千层,False,0,3,0,福建省 - 泉州市,3522,5,0,2020-04-01 19:48:29,愚人节快乐  2020这一年才过去四个月  发生了太多太多的事
heyholly,False,12,15,2,,7854,3,0,2020-04-01 19:42:38,2020.4.1 不要再做愚人了
hatter218,True,30,15,3,广东省 - 深圳市,5159,2,0,2020-04-01 19:29:44,爱是愚人的国度，节日快乐[跳舞]
只愿作你的拉拉队,True,24,54,11,吉林省 - 延边朝鲜族自治州,8936,1,0,2020-04-01 19:28:37,愚人节快乐
越是超越的越,False,6,5,4,甘肃省 - 兰州市,2394,3,0,2020-04-01 19:15:03,我朋友圈没有一条愚人节的动态，可能青春真的过去了。
苑子潯,False,32,28,6,湖北省 - 黄冈市,266,2,0,2020-04-01 19:13:33,愚人节快乐
山洵,False,9,9,13,,4260,2,0,2020-04-01 18:55:08,愚人节快乐
忆梦少侠,False,2,46,8,湖南省 - 长沙市,1731,1,0,2020-04-01 18:52:37,愚人节快乐😊
忆梦少侠,False,2,46,8,湖南省 - 长沙市,1731,0,1,2020-04-01 18:51:45,愚人节适合这首歌
阿梓是只扑棱蛾子,True,11,1,17,,505,3,0,2020-04-01 18:45:58,四月一日我在听愚人的国度也不知道谁才是那个愚人
少年老糊涂,False,74,71,14,浙江省 - 绍兴市,4103,2,0,2020-04-01 18:22:56,2020.4.1愚人的国度
stef虎牙,False,6,32,26,四川省 - 成都市,931,2,0,2020-04-01 17:47:36,愚人节快乐
愿你一生波澜不惊-,False,0,6,0,新疆 - 乌鲁木齐市,453,3,0,2020-04-01 17:42:31,今天她说我们分开吧，多希望她也过愚人节💔
Jappleana,False,2,14,2,广西 - 贵港市,4858,1,0,2020-04-01 17:20:27,风吹了十七年
莫愁姓李_,False,72,20,5,海外 - 其它,6530,1,0,2020-04-01 17:19:31,爱是愚人的国度 愚人节快乐
YU-16_,True,54,69,19,海外 - 其它,6780,1,0,2020-04-01 16:56:41,是可以给所有的人 今天的歌
daydreamer_J0eR,False,20,58,20,,17384,1,1,2020-04-01 16:55:58,不要套路我了，已经被好几个网友套路过了，套路太深[流泪]
向往北方的日子和乐子,False,455,18,22,河北省 - 邢台市,9258,1,0,2020-04-01 16:51:55,愚人节就要听《愚人的国度》呀~
Hajimari_,True,0,13,1,湖北省 - 武汉市,2305,1,0,2020-04-01 16:39:19,2020.04.01[爱心]
三五人群,False,3,2,20,海外 - 冰岛,2275,2,0,2020-04-01 16:39:11,愚人节快乐 可能你我都不快乐 也许只有我自己不快乐
大道寺瓜瓜,False,87,21,3,台湾省 - 台北市,1276,1,0,2020-04-01 16:35:00,坚持不下去啦. [开心]
沉着没有冷静,True,1,0,1,四川省 - 成都市,2691,2,0,2020-04-01 16:29:26,爱是愚人的国度，不能自拔，不懂退出
朴小柝,True,4,14,11,,7375,1,0,2020-04-01 16:26:18,愚人节快乐
刘大驴还是刘乐观,True,25,36,24,,5459,1,0,2020-04-01 16:23:06,愚人节打卡
znakaka,False,45,8,6,,2706,1,0,2020-04-01 16:17:10,2020-4-1啦
早睡晚起变瘦变有钱,False,0,14,6,山东省 - 济南市,6773,1,1,2020-04-01 16:10:31,我见过你，兄弟
是我无语,True,0,3,5,福建省 - 泉州市,2659,1,0,2020-04-01 15:38:15,冲
柒姑娘_,False,1,35,8,湖北省 - 武汉市,4106,0,0,2020-04-01 15:24:51,遇见你之后，走了心
倾语与予,True,8,6,0,,2620,2,0,2020-04-01 15:21:27,愚人节打卡，愚人自愚，不懂退出
lesley920719,False,0,4,9,湖北省 - 黄石市,20884,1,0,2020-04-01 15:05:54,愚人节。。。
鲸与天空ocean,True,67,36,932,,6464,1,0,2020-04-01 14:42:22,打卡
daydreamer_J0eR,False,20,58,20,,17384,4,0,2020-04-01 14:27:47,4月1日 愚人节  阴现在是下午14点， 还没有人来骗我 我终于肯确定 我的青春结束了 我的心比今天的天气还冷
要玩的开心一点呐,False,31,9,7,陕西省 - 西安市,4882,1,0,2020-04-01 14:27:24,打卡
北绕,False,3,4,6,福建省 - 泉州市,7941,1,0,2020-04-01 14:14:00,我不想你了
秦凉991,False,1,6,1,北京市 ,2031,3,0,2020-04-01 14:08:29,爱的时候是一生中最傻、最无畏、最快乐的时候。
難安_y,False,13,106,34,安徽省 - 合肥市,6432,1,0,2020-04-01 14:02:50,愚人节胆小鬼的告白日
你快乐我随意a,False,4,5,8,湖北省 - 武汉市,3462,1,0,2020-04-01 13:55:54,我们复合吧！
Husher1903,False,2,5,2,天津市 ,1809,2,0,2020-04-01 13:44:55,今天必要打卡这首！
時雾_,True,5,29,5,广东省 - 广州市,9855,1,0,2020-04-01 13:43:09,愚人节日推
Quercus,True,42,54,85,吉林省 - 长春市,16106,1,0,2020-04-01 13:23:30,害
得蛙问寻_8aRu,False,4,0,4,甘肃省 - 兰州市,2431,3,0,2020-04-01 13:12:56,有多少人借着愚人节这天说出了我们很好吧、我想你了、、、
阿琳带你做煎值,False,0,7,0,山东省 - 济南市,927,1,1,2020-04-01 13:06:24,愚人节快乐
Happiness_Insulator,False,0,19,5,北京市 ,5477,4,0,2020-04-01 12:50:40,突然就想起了歌名，然后我来了
WLWMM,False,0,5,1,陕西省 - 西安市,158,1,0,2020-04-01 12:47:40,经典。
Fjssb,False,3,7,2,北京市 ,3498,1,0,2020-04-01 12:46:10,来了
丰阝君,True,5,16,34,,9306,1,0,2020-04-01 12:42:29,愚人的国度
xxxibragn,False,5,11,18,河南省 - 开封市,6329,1,0,2020-04-01 12:37:24,今天要听这首歌
嘚欧豆豆,True,0,26,3,黑龙江省 - 哈尔滨市,6650,2,0,2020-04-01 12:01:40,愚人节快乐   希望所有胆小鬼   都有勇气说真话
_昆山男子,False,1,4,2,广东省 - 汕头市,3268,2,1,2020-04-01 11:59:28,至理名言
PISCES-AUTUMN,False,1,12,2,海南省 - 海口市,2519,1,1,2020-04-01 11:42:54,又是愚人节 愚人节快乐
旅途中的layman,False,0,3,2,广东省 - 深圳市,1265,3,0,2020-04-01 11:24:20,愚人的国度永远在听歌排行的第一位。今天来看看评论，找找相似的自己，希望每年的今天都能来找找自己。陌生人，你愿意点个赞吗？[可爱]
月亮与六罐可乐,True,5,22,9,浙江省 - 湖州市,8439,1,0,2020-04-01 11:16:45,愚人节快乐！
小河马不是河马,False,0,4,2,湖南省 - 长沙市,2230,3,0,2020-04-01 11:15:55,爱是自愚
安瓜和尚,False,1,31,8,,3726,2,0,2020-04-01 11:10:37,今天是愚人节
小楠咂咂,False,14,66,11,广东省 - 东莞市,1812,1,0,2020-04-01 10:53:15,燕姿[爱心]
William-44,False,0,0,5,浙江省 - 温州市,1348,3,0,2020-04-01 10:51:22,愚：遇见你 就是个玩笑 却走了心.
脸是用来大笑的,False,0,7,2,广西 - 崇左市,4747,0,1,2020-04-01 10:48:48,愚人节快乐
羊绒小橘子,False,1,17,6,北京市 ,13585,0,0,2020-04-01 10:47:36,cc，橘子超喜欢你噢！
海梦思心,False,0,4,4,海外 - 其它,9328,1,0,2020-04-01 10:31:18,愚人不愚。
皓月星尘,False,1,16,8,四川省 - 广安市,2394,1,1,2020-04-01 10:29:11,号没了……[晕]
皓月星尘,False,1,16,8,四川省 - 广安市,2394,3,1,2020-04-01 10:28:38,小学满分作文[大哭]
罐装可爱不退换,False,16,0,0,,2332,2,0,2020-04-01 10:28:32,喜欢你好累啊，我偷下懒哦，如果偷懒我们都舒服的话我就不回来啦
_格瑞特,False,30,1,1,,4780,1,1,2020-04-01 10:23:55,九年了
羊绒小橘子,False,1,17,6,北京市 ,13585,1,0,2020-04-01 10:22:52,只要可以一直陪着你，陪你度过漫长岁月，别无他求
哼哼哈嘿799,False,5,2,3,四川省 - 成都市,8514,1,0,2020-04-01 10:22:41,爱是愚人的国度
羊绒小橘子,False,1,17,6,北京市 ,13585,0,0,2020-04-01 10:20:37,第二次喜欢你的时候，我们认识两年了，为你跑大半个城市，为你每天日行一万步…
February0,False,0,4,2,陕西省 - 西安市,2752,0,0,2020-04-01 10:17:28,愚人节听 过节不是主要的，其实想过的都行心底
也不是猪只打呼,False,101,22,20,,4093,2,0,2020-04-01 10:17:18,卡！
赵啉啉,False,11,29,17,江西省 - 南昌市,3909,2,0,2020-04-01 10:15:46,被分手 愚人节快乐
你别打我主意,True,0,26,1,山西省 - 临汾市,1391,1,0,2020-04-01 09:57:58,愚人节，翼城小妹妹有没有，我喜欢你 [憨笑][憨笑][憨笑]
想不出好名字的我-,False,1,17,9,陕西省 - 西安市,7692,2,0,2020-04-01 09:53:40,愚人节快乐啊[可爱]
皓月星尘,False,1,16,8,四川省 - 广安市,2394,2,0,2020-04-01 09:53:11,愚人不愚，只是不敢说出自己的心里话罢了
今天我心情有一点怪怪-,True,27,33,38,江苏省 - 无锡市,4350,1,0,2020-04-01 09:53:00,愚人节快乐
刺猬绾绾,False,6,29,4,山东省 - 济南市,631,1,0,2020-04-01 09:51:56,做个愚人，永远赤城
皓月星尘,False,1,16,8,四川省 - 广安市,2394,1,1,2020-04-01 09:48:33,巧了，我也是[鬼脸]
白酒清啤安慕希,False,2,14,4,湖北省 - 武汉市,4764,1,1,2020-04-01 09:46:20,五年
白酒清啤安慕希,False,2,14,4,湖北省 - 武汉市,4764,0,1,2020-04-01 09:45:34,爱对了人，愚人节快乐
山市丶,False,0,8,2,广西 - 北海市,4858,0,1,2020-04-01 09:33:40,今天也是愚人节
水冰月维尼,False,0,3,2,江苏省 - 南京市,602,1,0,2020-04-01 09:24:49,愚人节我也没敢跟你说心里话
盲人也看哑剧,True,3,7,3,重庆市 ,3551,1,1,2020-04-01 09:07:12,只要人傻  天天愚人节每天过👌
在-也不会见,True,6,3,6,广东省 - 深圳市,1684,3,0,2020-04-01 09:06:12,今天愚人节
不-三-,False,1,15,2,山东省 - 菏泽市,540,3,0,2020-04-01 09:04:17,已有对象的人来溜达溜达
不-三-,False,1,15,2,山东省 - 菏泽市,540,1,1,2020-04-01 09:04:00,主动啊兄弟!
不-三-,False,1,15,2,山东省 - 菏泽市,540,1,0,2020-04-01 09:03:26,打卡
April壹兀,False,3667,119,119,,24638,1,0,2020-04-01 08:56:42,对于某些神奇的国度来讲，或许4月1日才是最真实的吧？可真实它落满了灰尘……
大鱼66666,False,0,5,2,江苏省 - 盐城市,1863,0,0,2020-04-01 08:38:27,一年前的今天也是以开玩笑为借口说出了真心话的人
为什么不能叫鱼呢,True,9,22,10,山东省 - 潍坊市,1633,1,0,2020-04-01 08:38:03,鱼人节！
你不吃肉咩咩咩咩咩咩,False,29,38,19,广东省 - 深圳市,3620,1,0,2020-04-01 08:35:55,愚人节快乐呀
落日余夕,False,2,10,4,江苏省 - 南京市,2801,1,0,2020-04-01 08:35:19,愚人节快乐
肇事跑啦,False,7,22,10,台湾省 - 台北市,4080,2,0,2020-04-01 08:15:51,🐟人节快乐哦大家！！
一曲哀伤,False,0,1,2,贵州省 - 贵阳市,3369,2,0,2020-04-01 08:12:21,愚人的国度
小熊天天蓝,False,9,23,13,广东省 - 深圳市,4111,2,0,2020-04-01 08:10:55,愈人节来打卡
一起仰望星星,False,169,31,15,,10365,1,0,2020-04-01 08:02:58,愚人节快乐。
图图_LY,False,1,14,5,陕西省 - 西安市,3035,3,0,2020-04-01 05:56:00,2018–2020，2020希望是上天开的一个玩笑，变好🌎🌍🌏加油
最重要的小事Dyh,False,12,0,0,江苏省 - 苏州市,2510,1,0,2020-04-01 05:49:45,愚人节快乐
A_Fiona,False,2,20,52,云南省 - 昆明市,8396,0,0,2020-04-01 04:52:52,2020.4.1什么时候才能重回我身边
吴尤里,False,1,5,6,四川省 - 成都市,2688,2,0,2020-04-01 04:13:13,愚人节快乐
子之选天,False,0,6,0,西藏 - 拉萨市,409,2,0,2020-04-01 03:50:54,It's time
___路过人间_,False,2,1,3,江苏省 - 扬州市,973,2,0,2020-04-01 03:02:34,听着你的历史
H-S_Sun,True,68,67,138,,14909,2,0,2020-04-01 02:07:45,愚人节快乐
H-S_Sun,True,68,67,138,,14909,2,0,2020-04-01 02:07:19,今天
zkcoldfish,True,4,18,2,北京市 ,5205,2,0,2020-04-01 01:57:49,配着今天的日子，真应景。睡觉吧，好好爱自己
无惧世事无常,True,1,6,19,江苏省 - 南京市,2202,7,0,2020-04-01 01:49:43,有些时候情人节说的爱你都是假的愚人节说的爱你才是真的
Zzzz喵_,False,0,3,3,,370,2,0,2020-04-01 01:38:04,三年多 希望以后再无联系
慕沐啊_,True,187,19,62289,江苏省 - 苏州市,8272,0,0,2020-04-01 01:34:27,我想你了✨你有没有？我怕你忘了
Re_He,False,2,61,25,,6510,46,0,2020-04-01 01:34:23,趁着今天和她告白了，她同意了，开心的睡不着
晓炜是谁,False,11,5,4,内蒙古 - 通辽市,1316,1,0,2020-04-01 01:19:19,爱的小心翼翼
lonelydark,True,22,127,80,四川省 - 成都市,11845,2,0,2020-04-01 01:17:51,每一年的今天都会来听
-你的娜娜子,False,0,8,3,江苏省 - 常州市,3669,1,0,2020-04-01 01:16:43,愚人节快乐
神经七八M,True,2,12,12,,1269,3,0,2020-04-01 01:12:09,今天愚人节
做你的可口可乐哈,True,25,103,12,,3972,2,0,2020-04-01 01:06:16,愚人节快乐🙂
祈农,False,55,32,11,河北省 - 石家庄市,3513,1,0,2020-04-01 01:03:47,不需要你种种态度来证实我的期待有多傻，我承认我是个傻子，但我是自愿装睡的，等我醒来那个理智克制的我，你也不必觉得陌生冷酷，我吖！此刻只想在愚人的国度做个感情的俗人，不怕欺骗，唯愿真心换半刻真诚
Daconl,False,4,203,13,上海市 ,13912,1,0,2020-04-01 01:03:07,愚人节，再来听几遍
芊小尘,True,0,42,82,,2610,1,0,2020-04-01 00:56:16,愚人节快乐吧
及北人,False,336,87,408,,11684,1,0,2020-04-01 00:55:45,节日快乐啊 各位
流年盛夏丶,False,0,27,0,重庆市 ,5704,1,0,2020-04-01 00:52:00,愚人节听蛮不错的阿
小陈陈爱吃锅包肉,True,0,6,1,黑龙江省 - 哈尔滨市,5035,2,0,2020-04-01 00:51:30,民国三年等不到一场雨，愚人节50分钟了等不到一句我喜欢你
寒带的坚果,False,6,9,1,广东省 - 广州市,711,2,0,2020-04-01 00:49:00,来了来了，花粟鼠在哪
嘉行Jonny,False,2,25,1,河北省 - 衡水市,720,2,0,2020-04-01 00:43:40,今天
Wobushibinggan,False,0,3,2,,3579,3,0,2020-04-01 00:29:17,2020年愚人节打卡。
星河为你绚丽,False,0,10,11,广东省 - 阳江市,8109,1,1,2020-04-01 00:27:26,可怕的是差点把别人说的话当真了
-冰可乐要加冰-,False,11,42,0,,1740,1,0,2020-04-01 00:26:48,该放下了
安安的抹茶拿铁,False,0,30,0,广东省 - 广州市,2031,1,0,2020-04-01 00:25:44,2020愚人节快乐
未及远辰,True,56,47,54,,10383,2,0,2020-04-01 00:25:25,2020仿佛天天都是愚人节，愚人愚人，愚的到头来还是自己
乱码xz,False,0,13,0,,2240,0,0,2020-04-01 00:24:22,愚人节来听听
Cinshy,False,0,1,2,广东省 - 广州市,9222,1,0,2020-04-01 00:22:09,愚人节快乐
爱吃橙子的鬼,True,177,138,18,重庆市 ,5699,2,0,2020-04-01 00:20:23,愚人节都收不到一句我喜欢你，就听听歌自我欢喜一下吧
兔纸爹最傻咯嘿嘿,True,0,14,0,吉林省 - 长春市,6073,2,0,2020-04-01 00:17:58,愚人节快乐 你也快乐
dlwlrma姿,False,44,12,14,,1300,2,0,2020-04-01 00:17:49,又一年，爱是愚人的国度
LiqueurC,False,0,26,0,山东省 - 菏泽市,3905,2,0,2020-04-01 00:17:26,愚人节快乐
feiffffelixxxxxlin,False,9,58,14,,7447,2,0,2020-04-01 00:13:37,愚人节快乐
sivan1219,False,2,30,3,广东省 - 东莞市,6593,2,0,2020-04-01 00:10:35,又是一年愚人节，快乐。
中国好叔叔_,False,0,8,3,天津市 ,277,2,0,2020-04-01 00:10:27,2020年愚人节
吐司-煎蛋,True,6,48,8,江苏省 - 无锡市,5344,1,1,2020-04-01 00:08:59,一年一年又一年
HebeCattt,False,1,8,2,上海市 ,926,3,0,2020-04-01 00:08:12,又一年
采蘑菇的骷髅王,True,6,6,3,,1441,1,0,2020-04-01 00:07:30,听听
谁家年少不中二,False,5,18,4,,9983,0,0,2020-04-01 00:07:11,啊，怎么说呢，感觉跟以前用录音机录在磁带里听到的感觉不一样呢
洛复西汀,True,15,230,10,,3079,2,0,2020-04-01 00:03:57,有些感受，在难过的时候格外清晰，将自己困守在愚人的国度……
帐号已注销,False,0,0,1,,5279,1,0,2020-04-01 00:02:43,愚人节快乐
毗蓝婆婆,False,1,4,0,广西 - 南宁市,549,1,1,2020-04-01 00:02:41,每年愚人节必听的歌
Hei_Wildflower,False,19,3,1,上海市 ,2371,1,0,2020-04-01 00:01:49, 愚人
-Moraynia,False,0,4,3,,334,1,1,2020-04-01 00:01:46,好幸福呀 祝长长久久❤
-Moraynia,False,0,4,3,,334,1,0,2020-04-01 00:00:33,愚人节了😂
missherm,False,0,28,6,海外 - 意大利,6300,1,0,2020-03-31 23:58:53,爱 是愚人的国度
聴他說,True,139,4,1,,22600,0,0,2020-03-31 23:36:32,马上就要加入愚人的行列，转身看回头的路，也许从一开始，就再也找不到出去的路。
悸颠,False,0,9,2,甘肃省 - 庆阳市,531,1,0,2020-03-31 22:33:16,愚人不愚啊
winniewinner_,True,0,92,4,广东省 - 深圳市,8149,5,0,2020-03-31 21:43:32,明天是愚人节
Mirro苏苏,True,40,18,16,广东省 - 深圳市,4931,1,1,2020-03-31 21:24:56,明天又是愚人节了
重庆辣螃蟹,False,0,5,0,四川省 - 成都市,2346,3,0,2020-03-31 18:43:05,我知道其实你没那么需要我只是无聊时和我聊几句我其实也没太当真也没戳穿你因为我真的挺喜欢你的
是廷廷小怪兽呀,True,4,60,9,江苏省 - 镇江市,6363,4,0,2020-03-30 23:04:33,这歌听着就好难唱啊……yanzi的歌都是听起来平平的其实巨难唱型的
大陆孙燕姿,False,0,59,1,浙江省 - 杭州市,1377,1,0,2020-03-30 13:42:52,愚人吗？
beckey1990,True,1,1,1,湖北省 - 武汉市,1372,2,1,2020-03-29 22:31:26,晚安！小碗911
冷烟947,False,0,14,1,陕西省 - 汉中市,1959,1,1,2020-03-29 22:23:10,卑微
紫幻色的背影,False,4,55,19,海外 - 玻利维亚,5667,0,1,2020-03-29 22:19:15,害 喜欢归喜欢，有些事不能强求 懂得退出 [口罩]
冷烟947,False,0,14,1,陕西省 - 汉中市,1959,0,1,2020-03-29 21:49:25,可是我还是喜欢刘子涵
beckey1990,True,1,1,1,湖北省 - 武汉市,1372,7,0,2020-03-29 21:09:56,原来我不是愚人，而是蠢。自以为是的设想好的天长地久，忘了顾及她的感受，越是害怕失去她，反而越容易自己把她弄丢了，害怕在漩涡里轮回，从不说…我爱你，那么多
你的网友小宇,False,13,11,4,四川省 - 成都市,2179,1,1,2020-03-29 20:50:14,这首歌出来9年了
最林毅的林毅,False,63,4,4,福建省 - 福州市,6830,1,1,2020-03-29 20:12:22,emmm，这对自己来说何尝不是一种解脱呢？
锕魄,True,0,4,26,,16174,1,0,2020-03-29 15:23:23,@锕魄
一个自然的孩子,True,0,6,0,湖南省 - 长沙市,1446,5,0,2020-03-29 13:35:40,可惜现在才听到这首歌，旋律很好听
我很好24k,False,22,40,13,天津市 ,12820,1,1,2020-03-29 08:08:13,都会过去 唉
我很好24k,False,22,40,13,天津市 ,12820,1,1,2020-03-29 08:06:17,香菜？
每天请安王大人,True,0,8,6,,12797,5,0,2020-03-29 01:17:19,即使现在，我依然能够看到结局，但这个结局早已无关于我，但我有时会为此感到难过，这种难过很矛盾，矛盾的阴暗面不想说出来，人心往往就是这样，明明是却又为了让心里过得去而据理力争，蒙骗自己。
冷烟947,False,0,14,1,陕西省 - 汉中市,1959,2,0,2020-03-28 23:11:15,我喜欢刘子涵，实在没忍住，表白啦，然后把他删了，然后又加回来了因为还是放不下他，还是好喜欢他，忘不了他，后来发现真的挽回不了了，打破了那层关系，我们虽然躺在各自的列表里，可惜再也没有说过话了，我们回不去了，如果可以，我想，我可能永远不会说出来我喜欢你。
-贱贱呢,True,0,2,2,,1165,0,1,2020-03-28 22:22:12,哈哈哈是的 我们真的老了
梦不落飞行者,False,4,14,20,,14167,1,1,2020-03-28 19:00:29,这首歌很经典，JJ作曲，这合作绝了
孤傲鸭,False,1,17,8,浙江省 - 嘉兴市,7113,2,0,2020-03-28 18:02:32,孙燕姿的歌很治愈啊
-Moraynia,False,0,4,3,,334,1,1,2020-03-28 16:24:47,《她说》
倒挂天际的笑脸,False,7,43,5,河南省 - 郑州市,2053,1,1,2020-03-28 10:29:06,你有故事
Alcohol不醇,False,100,79,21,,10750,1,0,2020-03-28 10:20:31,不能碰触
紫幻色的背影,False,4,55,19,海外 - 玻利维亚,5667,3,0,2020-03-28 09:20:26,愚人节快到了 我想没有什么会永留于心、会过去的、我想这很快
紫幻色的背影,False,4,55,19,海外 - 玻利维亚,5667,1,1,2020-03-28 09:18:52,害 我是个男的，努力让自己变好吧
孤星苍月绝笑意,True,5,3,1,浙江省 - 台州市,2478,1,0,2020-03-28 01:29:42,累了。我想做个人。
梦不落飞行者,False,4,14,20,,14167,1,1,2020-03-28 00:36:37,我是从这首歌才发现。在《愚人的国度》之前燕姿还写过哪些中文词呢，好想知道
Max磊磊,False,1,20,2,天津市 ,3032,0,0,2020-03-28 00:32:02,竟然没有破万。。。看来我们都老了
Doubal-Voneia,True,11,11,10,海外 - 瑞士,3463,0,0,2020-03-27 23:25:43,五年前听的歌 现在听有了另一种的感觉
-Moraynia,False,0,4,3,,334,1,1,2020-03-27 23:00:03,燕姿早就写过中文词呀😂
七星不是北斗,True,1,4,6,黑龙江省 - 哈尔滨市,3645,2,0,2020-03-27 22:41:34,你的国度，人都是裸体我的国度，裸体都是人
梦不落飞行者,False,4,14,20,,14167,1,0,2020-03-27 20:03:08,燕姿也开始写中文词了，不错
_咱们裸熊,False,9,8,14,海外 - 捷克,3422,2,0,2020-03-27 17:44:59,我是自由的 希望你也是
依旧是星的樓儡,False,1,10,1,江西省 - 宜春市,526,2,0,2020-03-27 10:48:12,这个旋律我爱了！！！
是毛呀-,False,24,100,14,辽宁省 - 大连市,4795,1,0,2020-03-26 23:11:00,不与愚人人自愚
Selina硕,False,44,1,3,湖南省 - 长沙市,1300,1,0,2020-03-26 17:56:16,大家都是VIP，说话硬气点
倒一韶时光,False,5,36,14,,2285,2,0,2020-03-26 16:23:05,来，你能不能再重复
熬夜贩,False,13,9,4,河南省 - 许昌市,6115,3,0,2020-03-25 23:03:20,我知道其实你没那么需要我只是无聊时和我聊几句我其实也没太当真也没戳穿你因为我真的挺喜欢你的
文昊很大块,False,3,19,12,海外 - 日本,3186,3,0,2020-03-25 10:48:55,从初一听到了现在高一 现在转过来又在私人听到了 真的还是好好听啊
欢欢不可以哭噢,False,16,18,7,重庆市 ,7484,1,0,2020-03-25 06:55:10,愚人节又快到了 去年我有你 今年我没你
要吃牙牙乐,True,0,8,2,广东省 - 广州市,1355,7,0,2020-03-24 23:15:34,愚人节给我开的玩笑吗？姿妈歌曲全都开始要VIP了
夏沫0029,False,0,20,9,山东省 - 青岛市,2112,3,0,2020-03-24 22:50:06,为什么别的专辑都要收费了
Coupe_KOhv,True,0,6,2,上海市 ,2689,2,0,2020-03-24 21:34:02,为什么这首才999+
SenduAbullet,False,1,11,24,湖北省 - 武汉市,14137,2,0,2020-03-24 15:42:15,智者不入爱河，我入。
源源儿啊,False,2,7,3,四川省 - 内江市,514,1,1,2020-03-24 13:52:51,不是只要爱对了人，每天都是情人节吗    😂😂😂
我有一只穿天猴,False,45,7,5,上海市 ,9647,2,0,2020-03-24 00:04:59,删的时候毫无保留，怀念都成了一场空。
lukaluka16,False,0,92,5,上海市 ,3059,0,1,2020-03-23 23:05:36,好巧
suspender,True,14,24,60,四川省 - 巴中市,3665,0,1,2020-03-23 23:02:31,但愿是你说的那样
suspender,True,14,24,60,四川省 - 巴中市,3665,2,1,2020-03-23 22:52:58,不甘心最可怕，分手后要死要活，时间长了觉得自己已经忘了，可当别人提起她的时候，莫名的心悸就知道自己输了
suspender,True,14,24,60,四川省 - 巴中市,3665,1,1,2020-03-23 22:50:59,你不是个爱音乐的人
孤独者丿灬,False,0,4,3,贵州省 - 铜仁地区,2750,3,0,2020-03-23 22:40:19,昨晚跟她表白复合，但她没有同意，感觉我的世界都崩塌了一样，她还觉得我是想和她玩玩而已，但她永远不知道我对她有心动，以前也觉得我和她分手是为了玩，她永远都不会理解我的，希望她能看见
裸幂呕与猪力夜,False,2,3,8,广东省 - 广州市,8398,4,0,2020-03-23 11:43:22,高中在江南中学读，有个舍友特别喜欢孙燕姿，有个喜欢周杰伦，我则夹在两者中间学习备考。
Tainc丶,True,2,9,3,海南省 - 海口市,6486,1,1,2020-03-23 11:01:26,你要把我笑死hhh
帐号已注销,False,3,4,1,,1748,2,0,2020-03-23 00:24:17,只要爱错了人，每天都是愚人节[多多笑哭]
Cathy_720,True,0,134,8,海外 - 爱尔兰,6415,2,0,2020-03-22 14:21:36,就算你不肯加我  我还是会陪你  小哥哥
九襄刺,True,87,13,5,海外 - 其它,4374,5,0,2020-03-22 11:42:15,我多么想念你走在我身边的样子
人间烟火火锅气,False,5,11,5,山西省 - 太原市,2897,6,0,2020-03-22 11:29:54,祝大家都听不懂这首，祝幸福
来世做个凡人吧,False,0,2,1,,1197,3,0,2020-03-22 10:38:47,这个版本太快了，还是喜欢燕姿在演唱会上第一次唱的时候那个版本。那个版本比这个节奏慢，也比这个听着有感觉。
LY5533,False,0,8,1,广西 - 南宁市,732,1,0,2020-03-22 09:27:05,河有两岸，事有两面……………………
Decca被注册了,True,0,45,5,,6994,1,0,2020-03-22 02:40:08,我曾经以为很糟糕的人才会伤害我 没想到 美好如你 不喜欢我 也没办法 也还是会伤到我 算了 我自找的
薄荷找到了,False,5,9,11,山西省 - 太原市,4346,2,0,2020-03-21 23:34:31,别在垃圾堆找男朋友。
偏犟,False,2,39,42,黑龙江省 - 哈尔滨市,18701,1,0,2020-03-21 18:36:17,看我们骗得好辛苦
xue_十二月,False,14,10,0,山东省 - 济宁市,1970,1,0,2020-03-21 11:21:29,小花花呀，你是不是忘了，你只需要放过自己，就会好起来的
敏熙薆莬,False,0,9,1,北京市 ,6984,1,1,2020-03-21 10:39:46,听燕姿的歌根本没法写代码，注意力都在歌上面了[大哭]
MIssGaoo,False,1,31,14,,4212,2,0,2020-03-21 09:35:45,真好听，[爱心]
老街的造梦师,False,0,16,7,浙江省 - 金华市,1112,0,0,2020-03-21 08:29:39,愚人才能懂爱的快乐和痛苦
董丁宁,False,0,32,1,山东省 - 烟台市,4971,1,0,2020-03-20 20:13:05,之前是在虾米收藏的，听不了了，回网易云来听听，期待再开演唱会的时刻
zf_阿飛,False,30,2,15,吉林省 - 长春市,9170,2,0,2020-03-20 16:58:01,爱是愚人的国度不能自拔 不懂退出
从南到北的姑娘,False,10,68,15,云南省 - 怒江傈僳族自治州,4973,1,0,2020-03-20 14:32:54,会哄自己吗？反正我会
采蘑菇的骷髅王,True,6,6,3,,1441,1,0,2020-03-20 01:57:48,我已经很想你了，再听这首歌的话会想到哭的
ai桑酾,False,110,42,17,山东省 - 淄博市,2548,1,0,2020-03-20 00:11:06,觉得好奇怪，不痛了放下了却好像
小仙女不是仙女_ling,True,6,7,1,四川省 - 成都市,1466,1,1,2020-03-19 21:44:32,加油💪
小仙女不是仙女_ling,True,6,7,1,四川省 - 成都市,1466,1,0,2020-03-19 21:42:35,几年过去了，什么时候还能在成都看到你的演唱会？
庚木涤生,False,76,59,42,四川省 - 成都市,10396,1,0,2020-03-19 18:59:26,吃俺老孙一棒
HeatoN088,True,0,14,0,青海省 - 西宁市,3423,0,1,2020-03-19 17:25:01,唉，同感，不能给她什么，却又那么喜欢
FYcs与否,False,0,8,3,,346,1,0,2020-03-18 23:51:19,孙燕姿你坏的很，唱歌这么好听让我每天花那么多时间听你唱歌，嘤嘤嘤
呀没酷起来,False,1,6,2,,980,3,0,2020-03-17 08:51:24,我们总要离开错的人，才能遇到对的人，每一次分别都是为了明天的相遇
呀没酷起来,False,1,6,2,,980,4,1,2020-03-17 08:36:29,这不是你的原因，这是对方的原因，因为他没给你足够的安全感，所以你才这样
Aglily,True,6,27,12,江苏省 - 无锡市,3152,3,0,2020-03-16 22:17:06,真的很想做好，真的……很想做好
王莳依,False,6,44,18,,2703,1,1,2020-03-16 13:25:31,我2020年
速度看攻略,False,0,7,3,广东省 - 佛山市,1469,1,0,2020-03-15 23:50:48,如果我离开，你会难过么？你是的不愿付出，是因为习惯我，而不是爱喜欢我？习惯和喜欢，哪个更加重要？
尧小劼,False,0,25,6,,1535,3,0,2020-03-15 11:24:56,网恋一线牵，珍惜这段缘。樊程再见！爱情的双向选择，我无你。
柳青芜,False,2,30,3,,20040,2,0,2020-03-15 11:00:11,疯狂押韵
贺哈哈嘿,False,5,29,2,,3421,2,0,2020-03-15 10:58:41,旋律一出来我就想哭
骡不羁,True,2,12,5,,1571,5,0,2020-03-15 10:55:07,各取所需，互相欺骗
6枫6,False,1,4,0,广西 - 南宁市,2935,1,0,2020-03-15 00:24:17,好想你[流泪]
精彩世界2019,False,0,3,0,山西省 - 太原市,2331,2,1,2020-03-14 23:52:48,只要爱错了人，每天都是双十一～
学习中的胖虎超酷,True,36,42,26,安徽省 - 芜湖市,1945,3,0,2020-03-14 23:40:04,对不起 怪我太喜欢你了
池__祁,False,34,156,29,海外 - 其它,8345,1,1,2020-03-14 23:36:42,别逞强了，我们应该原谅所有
你妹的自来也,False,0,4,0,甘肃省 - 兰州市,1386,2,1,2020-03-14 23:34:19,还没来及说声爱你
你妹的自来也,False,0,4,0,甘肃省 - 兰州市,1386,1,1,2020-03-14 23:33:26,好想见你
你妹的自来也,False,0,4,0,甘肃省 - 兰州市,1386,1,1,2020-03-14 23:33:02,不能爱你而已
你妹的自来也,False,0,4,0,甘肃省 - 兰州市,1386,1,1,2020-03-14 23:32:48,只是不能再爱你而已
Agonni1912,False,0,4,0,山东省 - 菏泽市,235,1,1,2020-03-14 23:29:15,真情终被辜负，智者不入爱河
无疾1908,False,9,11,6,广东省 - 汕头市,913,1,1,2020-03-14 23:11:28,入戏太深，覆水难收
罗曼替可斯,False,3,30,10,广东省 - 梅州市,999,1,0,2020-03-14 23:02:52,难忘那个不知所措的·时刻
乔在我心,False,5,2,1,江苏省 - 南京市,7557,1,1,2020-03-14 22:37:15,嘴角轻轻上扬，眉角稍稍一动！想抽自己耳光，为何动了真情
玺烊烊咪,False,14,8,2,宁夏 - 吴忠市,253,1,1,2020-03-14 22:20:45,如果觉得太难 及时道别没有错
琴非得以520,False,5,8,4,,3557,3,0,2020-03-14 22:05:44,最怕喜欢上一个不能喜欢你的人
太空中漂浮的蓝莲花,False,0,3,0,北京市 ,935,1,1,2020-03-14 21:32:28,爱过、错过、渡边……
九山八海皆可斩,False,0,13,4,海外 - 挪威,757,1,1,2020-03-14 21:12:15,爱对了人，每天都是情人节
秦氏白月光1994,False,0,3,0,山东省 - 威海市,0,1,1,2020-03-14 20:58:24,我暗恋了你五年，用一天澄清了我对你的所有喜欢，很遗憾，你放弃了我，你很轻松。毕竟……我是爱的最深的那个呀。
逐鹿归林,False,5,22,4,山东省 - 泰安市,680,1,1,2020-03-14 20:23:12,愚人节说的都是真心话
-RONGXUE,False,14,19,0,江苏省 - 苏州市,3848,1,0,2020-03-14 19:59:18,何为爱错，爱了就不会后悔，只因我爱而已
MilkyCh,True,8,10,2,江苏省 - 苏州市,1099,0,1,2020-03-14 18:39:23,愚人节…娱人劫
喋喋-0504,False,0,5,0,山东省 - 青岛市,249,2,1,2020-03-14 17:54:36,已经坚持三年了，会一直等他.各自安好
Hornbey,False,1,24,0,福建省 - 宁德市,895,1,1,2020-03-14 17:48:18,7年
1998年的时候,False,5,25,23,,6898,1,1,2020-03-14 17:47:54,你可以选择不过的，是不舍得还是甘愿去过呢
欢余时光,False,6,6,7,广东省 - 佛山市,8897,2,1,2020-03-14 17:17:28,今天也是愚人节
The-end__茫,False,0,4,0,甘肃省 - 兰州市,1822,3,1,2020-03-14 17:09:06,啊，我过了十年的愚人节啊
Peach_and_lion,False,0,29,1,,848,2,1,2020-03-14 16:28:50,九年了…
口袋会发光,False,1,6,1,,714,2,1,2020-03-14 16:21:50,错了就错了，老师不可能看你可怜给你半对的，爱情也如此，错了就别回头
狠好123,False,0,17,3,江苏省 - 扬州市,3291,1,0,2020-03-14 15:45:05,你还好嘛，PSY😳
氧气舱2,True,12,18,23,,8272,0,1,2020-03-14 14:12:44,愚人节快乐
Hazel-LY,False,4,3,0,,972,0,1,2020-03-14 13:50:07,学会遗忘就好了
暖洋里的小鱼,False,2,5,0,河北省 - 石家庄市,104,1,1,2020-03-14 13:46:41,如果爱对了人，每天都是情人节～
SeeForever,True,512,24,62,,2430,2,1,2020-03-14 13:13:31,每天都是愚人节
达瓦里希_vbs,False,2,1,0,湖南省 - 长沙市,3644,4,0,2020-03-14 12:48:56,这首歌想哭
曾经也是长安,False,6,6,4,河北省 - 邯郸市,1664,2,1,2020-03-14 09:28:18,最怕喜欢上一个不能喜欢你的人
情深时见鹿_TOrk,False,0,7,0,湖南省 - 永州市,131,1,1,2020-03-14 09:25:30,只要爱对了人，每天都是情人节[多多无语]
半颗晚晚_绯色,True,13,0,246,台湾省 - 台北市,419,2,1,2020-03-14 09:20:54,“来的是你 走的也是你 让我难过的还是你 怎么留下来的不是你”
故人故事几重逢,False,28,58,6,江西省 - 赣州市,3212,1,1,2020-03-14 08:39:18,真实
后知后觉生物,False,76,0,7,,1620,1,1,2020-03-14 08:35:11,也有可能是清明节 中元节……
伦先森缺了水,True,94,34,64,河北省 - 邯郸市,4155,0,1,2020-03-14 08:10:51,大智若愚
可能灯火阑珊处,True,6,9,3,海外 - 挪威,874,0,1,2020-03-14 07:43:00,爱对了人每天都是情人节～
十鸪,False,0,23,1,江西省 - 赣州市,641,6,0,2020-03-14 05:19:34,爱是一瞬间，不爱又是一瞬间。我们谁都说不出分手，明明知道已形同陌路，就像在愚人的国度一样，我们都戴着假面，面具上的笑脸，面具下的冷漠都是谎言编织的梦。让我们都敢爱敢恨，勇敢笑，大胆哭，不必在意他人的眼光，摘下面具做真实自己。
youda十,True,11,10,4,云南省 - 西双版纳傣族自治州,4215,1,1,2020-03-14 02:59:15,你本该是一场梦，而我是一阵风。
---小艾同學,False,26,33,354,,7083,2,1,2020-03-14 01:32:15,你说你爱烟雨微茫，雨来时你却伞遮霓裳；你说你爱春光灿烂，阳光普照时你却孑然惆怅；你说你爱微风轻柔，风拂发梢时你却紧闭门窗，这便是为何你说你也深深爱我，我却眼波成霜。——莎士比亚
雀斑妹妹1906,False,0,3,0,黑龙江省 - 哈尔滨市,599,1,1,2020-03-14 01:30:01,2017、
邪笑的九尾狐,False,1,8,0,天津市 ,68,2,1,2020-03-14 01:08:20,及时止损
黎明遇见夕阳,False,0,14,0,山东省 - 临沂市,1602,2,1,2020-03-14 01:04:27,我喜欢  把我们的故事说给别的女孩听  然后  对她说  幸好遇到了你  我的朋友  网友换了一批又一批  谁又记得住
简单点1209z,True,30,32,6,,1708,0,1,2020-03-14 00:49:18,反之，爱对了人，每天都是情人节
王寒智,False,7,7,3,辽宁省 - 锦州市,4120,0,1,2020-03-14 00:33:45,我宁愿  我不去过节日
我才不是粉红豹少女,False,7,10,3,广东省 - 深圳市,7727,2,0,2020-03-13 20:22:31,不必再说假如 我穿过一地荒芜幸福 不能碰触
Lancaoskr_,False,9,12,8,,5394,2,0,2020-03-13 19:50:28,@我不该再看着你了 快听
丫口西落,False,0,11,0,山东省 - 济南市,599,1,0,2020-03-13 18:36:44,这首歌能让我想起前女友。
LG-Suspect,True,21,7,7,,6183,1,0,2020-03-13 10:32:48,爱死这首歌了❤️
释tk躺,False,1,11,1,安徽省 - 合肥市,611,1,0,2020-03-13 03:50:16,爱了
compass171227,False,91,9,4,山东省 - 济南市,3180,2,1,2020-03-13 01:52:51,会过去的对吗
Halo_Stefanie,True,58,24,18,广东省 - 佛山市,15723,2,1,2020-03-12 21:36:58,什么鬼。。林丹和燕姿哪有交集。看的是啥新闻，是林丹出轨的时候，他老婆发了个孙燕姿的歌吧
瀚什么予,True,0,5,5,吉林省 - 长春市,2072,2,0,2020-03-12 19:35:35,今夜，没有极光.
JunoCya,False,3,22,6,北京市 ,1745,1,1,2020-03-12 14:05:09,哪个林丹？
JunoCya,False,3,22,6,北京市 ,1745,2,1,2020-03-12 14:01:18,我也觉得是！但是不知道是哪首歌[流泪]
沈清苓,False,0,3,0,,1033,2,0,2020-03-12 11:20:32,爱是愚人的国度 不能自拔 不懂
ZhangYouChu,False,0,3,0,浙江省 - 杭州市,2704,2,0,2020-03-12 04:03:40,爱是愚人的国度，不能自拔，不懂退出。
Tfwww-,True,0,6,1,浙江省 - 宁波市,1512,0,0,2020-03-11 22:42:01,王涛我好想你啊
独宠无二H,True,131,97,3,福建省 - 宁德市,2770,1,0,2020-03-11 14:50:44,爱是愚人的国度[哀伤]
Jason疼不腾,True,63,21,5,,6189,3,0,2020-03-11 13:05:48,感情这玩意儿一旦碰啦，伤害就在所难免……要习惯还能被伤害的感觉！
霂枟,False,0,5,0,广东省 - 广州市,3413,1,1,2020-03-11 12:27:11,十年了
你像个玩笑,False,0,14,0,广东省 - 惠州市,6365,2,0,2020-03-11 11:57:12,没看歌名还以为是丝路的改编版呢
uncle丶JOker,True,16,10,19,北京市 ,3983,2,0,2020-03-11 09:54:32,那时候勇敢一点，结局会很不一样
春春姐儿,False,0,16,3,山东省 - 济南市,1089,2,0,2020-03-10 19:46:29,让我懂 让我哭
多肉酱想去永无岛,False,6,37,194,,3533,1,1,2020-03-10 13:14:13,哈哈哈
秋起-,False,3,28,22,海外 - 美国,3167,1,0,2020-03-10 10:37:09,@北落by
秋起-,False,3,28,22,海外 - 美国,3167,0,0,2020-03-10 10:36:57,啊啊啊好好听
劉雲小仙,False,107,6,13,云南省 - 曲靖市,6055,1,0,2020-03-10 02:41:10,赵薇，花木兰
林应木,True,41,74,525,,2465,1,1,2020-03-10 01:17:02,可是我觉得她吐字有点奇怪诶。可能是自己的特色吧
林应木,True,41,74,525,,2465,1,0,2020-03-10 01:16:19,@弋雨伞骨 我记得这首你推过，还不错
compass171227,False,91,9,4,山东省 - 济南市,3180,4,0,2020-03-10 00:41:42,听闻爱情十人九悲
-有姿有菋-,False,4,44,10,山东省 - 青岛市,1713,1,1,2020-03-09 20:14:41,好了，九年了，下面继续
也不是猪只打呼,False,101,22,20,,4093,4,0,2020-03-09 19:40:54,曾美丽 但还是不满足。
跳芭蕾的囧囧喵,True,9,6,4,,1863,1,0,2020-03-09 19:31:18,爱情是一出演绎着悲欢离合的戏剧
西洋鲑鱼,False,66,68,61,福建省 - 漳州市,7214,2,1,2020-03-09 12:42:32,可能她现在也很小hhh
爵色情调,True,0,3,1,,2689,1,0,2020-03-09 11:46:08,入坑专 入坑曲
淡然lyy,False,1,9,4,,2813,0,1,2020-03-09 08:41:25,九年了
李先生2743,True,0,5,5,山东省 - 日照市,2017,0,0,2020-03-09 04:41:45,黑色守望者
_杀他,False,3,0,23,广东省 - 广州市,11603,3,0,2020-03-09 01:42:14,愚人节说情人节才敢说的话，你说多可悲。
面码yy,False,3,25,2,四川省 - 达州市,5771,2,0,2020-03-09 01:12:46,每天都要看到你的晚安才能安心睡去
放放沈,False,2,18,6,河北省 - 石家庄市,4181,1,0,2020-03-09 00:19:18,@顾之-
此账号已注销23684,False,422,1,8,,11989,5,0,2020-03-08 17:36:08,今天看到向日葵有一个很好的花语：入目无他人，四下皆是你，你逆光而来，配得上这世间所有的温柔。可惜了以前觉得向日葵单调俗气 还不好闻
J-Joy-,False,9,13,3,,2177,1,0,2020-03-08 17:02:47,燕姿女神的歌有魔力~听歌的心情不同，歌仿佛也表达的不同…尽管听歌的人没变，歌依然是同一首，同一版…
inspirehhxxttxs,False,10,24,7,海外 - 卢森堡,3386,2,1,2020-03-08 14:53:16,然后发现用了也不敢艾特哈哈哈
要554427,False,7,6,4,广东省 - 佛山市,1248,2,1,2020-03-08 12:46:45,好！
丰阝君,True,5,16,34,,9306,2,0,2020-03-08 11:11:32,九周年
删拾以后说年轮,False,6,40,117,江西省 - 抚州市,3585,0,0,2020-03-08 03:56:30,想哭
跳舞的反骨,True,1,31,32,新疆 - 伊犁哈萨克自治州,4421,1,0,2020-03-08 00:27:56,这一首也可以适当的唱唱的[流泪]
亦壬星河,False,4,10,0,西藏 - 林芝地区,810,1,1,2020-03-08 00:12:32,好巧，日推同时推荐这两首歌   然后看到你的
超级想谈恋爱呀,False,8,10,4,山东省 - 临沂市,1018,1,0,2020-03-07 13:11:45,其实我不喜欢听歌。
漆樱卿哈哈哈哈哈,False,0,20,3,江西省 - 宜春市,906,2,1,2020-03-07 12:06:00,我才小学04年哇
爱发呆的猫l,False,1866,3,61,重庆市 ,5860,1,0,2020-03-07 11:00:25,女神很幸福，不用为赋新词强说愁。
打起精神来睡觉zz,False,1,4,0,广东省 - 深圳市,725,3,0,2020-03-06 23:12:52,是疲惫是依赖的束缚，你是你，我是我。。。。
李某人的二手腰子,True,0,42,1,山东省 - 济南市,8846,2,0,2020-03-06 18:23:25,这歌真好听啊
人间妲己why,False,6,5,4,湖南省 - 长沙市,2879,1,0,2020-03-06 15:19:13,怎么爱是不满足？
王小王的马甲,False,16,11,24,,11665,1,1,2020-03-06 11:46:20,我喜欢点赞一些令人尴尬的评论
林肯公园C,False,0,9,3,上海市 ,7106,1,0,2020-03-06 08:18:15,这首歌没有大红过么？简直无可挑剔啊
不想被知道的猪,False,0,3,1,湖北省 - 武汉市,1917,0,0,2020-03-05 22:31:47,听这首歌莫名难受
pirilampo,True,14,118,55,,14438,1,0,2020-03-05 22:21:06,好辛苦
Vghxfszlaidyh,False,0,6,0,湖南省 - 永州市,730,1,0,2020-03-05 21:13:03,2020留个爪
钰你而来,False,4,5,1,浙江省 - 金华市,183,2,1,2020-03-05 13:30:41,2020啦，找到那个他了吗
请收藏我的八音盒,True,28,33,484,广东省 - 广州市,8154,1,0,2020-03-05 06:11:35,啦咯是7热就热就谁觉略略略不打
圣女果切半不加糖,False,0,9,1,广西 - 桂林市,1464,2,0,2020-03-05 01:48:29,五年级就听到这首歌了，那时候听不懂歌词，就是单纯觉得调调我喜欢，现在高一了，多多少少也明白了歌词的意思。果然还是越长大越复杂
整点阳间玩意,False,20,18,1,广东省 - 广州市,3663,1,0,2020-03-05 00:39:03,秃然发现有、好听，收藏+1
暖晨小男孩,False,0,84,2,广东省 - 湛江市,1487,1,0,2020-03-04 23:02:55,吉吉国王
太儿-,False,1,43,8,河南省 - 郑州市,4016,19,0,2020-03-04 20:49:35,前奏好熟悉！像一首英文歌有人知道吗 我想不起来了
Julybloo,False,0,4,8,江西省 - 上饶市,5417,1,0,2020-03-04 19:41:32,愚人的国度里你自以为聪明殊不知你在对方眼里不过半岁孩童在感情这场戏里还是别太入戏
撒哈拉的故事ie,False,0,21,4,,148,0,0,2020-03-04 19:18:46,爱是自娱愚人演出，答案清楚，才能谢幕
ImRed-,False,8,57,49,辽宁省 - 大连市,9847,2,0,2020-03-04 18:03:24,今天分手了
总是要努力的吧,False,10,36,4,广东省 - 深圳市,10273,2,0,2020-03-03 23:49:17,想起一本书《天空之城》
786945826,False,0,7,0,山东省 - 青岛市,2747,2,0,2020-03-03 21:15:57,曾经单曲循环一整天，现在还是感觉好听
胥爱川,False,0,1,2,湖北省 - 十堰市,2576,5,0,2020-03-03 20:30:07,我小学听这个歌的时候自我感动哭的稀里哗啦的😂😂
孙燕姿亲了我一口,False,2,6,13,山东省 - 济南市,1835,2,0,2020-03-03 20:22:53,不能自拔 不懂退出
昨日忘,True,7,93,27,安徽省 - 安庆市,4604,1,1,2020-03-03 18:27:25,转眼十年了，这愚人国度
hhh灰蒙蒙,False,0,3,0,陕西省 - 渭南市,146,4,0,2020-03-03 18:15:43,这荒唐世界也是愚人的国度
观观今晚要早睡哦,False,0,1,2,广东省 - 梅州市,8869,1,1,2020-03-03 18:14:02,9年了
梦里白云天,True,0,4,1,江苏省 - 常州市,805,1,0,2020-03-03 16:04:56,孙燕姿
小恶魔babalala,False,0,0,1,,2875,3,0,2020-03-03 14:09:50,感谢经历 不畏前路 若是无聚 缘分不足
你看江水多澈,False,5,10,2,浙江省 - 温州市,466,1,1,2020-03-03 05:11:17,2020年了
一棵树-23,False,20,7,7,安徽省 - 阜阳市,11308,2,0,2020-03-02 22:37:28,来 你能不能再重复？
L本丶拉登,False,0,3,1,河北省 - 石家庄市,959,3,0,2020-03-02 21:13:58,这首歌才8000多评论实在不应该
啊啊啊啊兰,False,2,7,21,云南省 - 临沧市,7053,2,0,2020-03-02 18:51:53,女神的歌就这么点人留言吗
啦啦遥,True,1,5,1,贵州省 - 贵阳市,1291,1,1,2020-03-02 13:46:41,我说我感觉我听了好久了 发现你说这句话时候15年[口罩]
星回八月,False,0,24,4,,697,1,0,2020-03-02 11:44:25,我爱孙燕姿
19九八x,False,15,7,0,重庆市 ,2909,1,1,2020-03-02 07:17:23,我们要坚强啊
19九八x,False,15,7,0,重庆市 ,2909,0,1,2020-03-02 07:17:06,那你就假装没听懂吧
魅力听众,True,0,5,0,黑龙江省 - 哈尔滨市,11712,0,0,2020-03-02 02:04:51,好喜欢你虽然42了，记忆一直留在03年的你
cornadcarl,True,6,12,0,四川省 - 成都市,13778,2,0,2020-03-02 00:37:02,说不上爱，应该是有点好感吧。
仰止辛,True,21,7,5,新疆 - 哈密地区,13587,1,0,2020-03-01 15:30:41,早点睡
遥看云起时,False,1,17,0,四川省 - 成都市,358,1,0,2020-03-01 11:52:04,愚人国度，假装心还在活着，未看透世人心。
Zen0606,True,0,5,0,陕西省 - 西安市,659,2,0,2020-03-01 10:27:22,攒点钱，追一场你的演唱会！
浩行大大,False,1,0,0,北京市 ,2295,2,0,2020-03-01 00:31:04,该珍惜的时候一定要好好珍惜，不要等走了才后悔。
荒野看花,False,2,7,0,,991,2,0,2020-03-01 00:02:50,爱是自愚  愚人演出
不爭不辨我还在,False,1,6,2,山东省 - 济宁市,710,2,0,2020-02-29 22:11:21,越长大越孤单吧，真的愚了一次，毁了自己的青春，好累
绿蚁新醅香,False,25,122,102,河南省 - 周口市,1982,2,1,2020-02-29 09:13:24,我听不懂，所以不知道怎么办？
今夕何夕gns,False,0,5,2,重庆市 ,816,1,0,2020-02-29 08:28:54,燕姿的音色真的好特别
终究要西沉,False,4,229,14,,6000,2,0,2020-02-28 23:37:03,听懂了歌词，怎么办？在线等，挺急的
泡泡inn,False,2,19,2,湖南省 - 长沙市,3174,0,1,2020-02-28 22:08:58,九年了  好听
似琰,False,0,4,1,湖南省 - 岳阳市,3015,0,0,2020-02-28 18:36:50,牛逼，真的好好听
_Coinisi,False,7,7,7,河南省 - 洛阳市,4035,1,1,2020-02-28 16:28:17,既然那么爱她 怎么会把她弄丢了呢[心碎]
请善待我的温柔,False,2,20,4,湖北省 - 咸宁市,6685,1,1,2020-02-28 13:41:51,看起来简单，其实很难我读初三的时候，有个女生喜欢我，我唱歌陈奕迅的歌唱的特别好她也喜欢音乐，我们俩互相暗恋毕业之后，我们也保持着联系但坚持是非常难祝您好运，早日找到属于你的他
我这不堪一击的坚强啊,True,0,56,10,浙江省 - 杭州市,8141,2,0,2020-02-28 10:46:46,我真的是愚人. 当你已经坚持不下去了，我才发现自己有多爱你，我有多爱你，就有多无力，就像你说的....真的太遗憾，如果我们过了这个坎，就嫁给我好嘛☺️
yuka浅野,False,11,36,16,,3626,2,0,2020-02-27 16:38:43,两两相望 唯余失望
callow,False,14,0,2,福建省 - 厦门市,2646,1,0,2020-02-27 13:03:24,重新听这首歌，爱人要义无反顾
猪扒包2895,False,1,3,1,广东省 - 深圳市,3796,2,0,2020-02-27 09:26:45,是不是听懂了就会哭
朱茵__,False,6,7,4,湖北省 - 襄樊市,5242,1,1,2020-02-26 23:45:22,九年了
雪碧可乐各一杯,True,5,7,32,,15921,3,0,2020-02-26 22:55:24,昨晚我梦到你了，你的签名还是取了我的名写的，一开始认识的时候你就说我的名字好听，像小说里的。我梦到你抱着我，梦到你还是那样护着我。你说最骄傲的就是能牵着手跟朋友们说是我的男朋友。我醒来心里空落落的，不知道跟谁说，所以就说在这里吧。哈哈
ZHaorrrrrrrrr,False,2,33,6,重庆市 ,3958,1,1,2020-02-26 15:18:40,虾仁诛心
好可爱的女孩子ooo,False,141,77,6,,1066,1,1,2020-02-26 09:25:22,@Nora靖哥哥_
Gump-D,False,7,133,21,,4373,1,1,2020-02-26 09:18:07,。。。我记得那首《monster》我第一次听，也以为很小的时候就已经听过。。
九襄刺,True,87,13,5,海外 - 其它,4374,4,0,2020-02-25 23:42:30,这辈子就愚了这次，也栽在这一次
盛夏清风不及你,False,3,3,2,陕西省 - 西安市,1035,2,0,2020-02-25 17:29:29,去年的今天，今年的今天，同样的日子，同样的经历，现在来听同首歌，感受同样的伤心难过[多多难过][多多难过]
分手小白脸,True,55,79,13,湖北省 - 武汉市,6681,7,0,2020-02-25 12:16:10,愚人为情所乱，智者不入爱河
诗半巷,False,3,8,6,山东省 - 济宁市,558,0,1,2020-02-24 19:23:50,是真的好羡慕甚至感觉好感人！！！是一直以来所向往的，所以看到你们的故事感慨好多...你们一定要一直一直走下去！！
两知闲,False,12,30,11,浙江省 - 杭州市,6289,1,1,2020-02-24 16:00:45,这歌2011年5月15日在中国内地发行
她眠,False,0,9,7,湖北省 - 荆州市,2737,1,0,2020-02-24 15:46:49,@2018.5.20
南野青鸢,False,47,57,9,,4314,1,0,2020-02-24 02:47:02,很多年前听的歌又找出来了[鬼脸]
从此一年,False,1,17,5,,4441,3,0,2020-02-24 01:19:05,听了一段就深陷无法自拔感受:像是一个人孤身在台上表演是那种黑色的感觉她在讲述什么，但是不知怎么就变成了我自己。然后就是每个起承转合，都拿捏的太好了，像心被拿在手上，该用力时，用力捏了一下，又忽然放开的温柔。沉醉其中
十三度灰-,False,0,1,1,江苏省 - 南京市,203,4,0,2020-02-23 00:27:26,如果你听着歌看到这条评论 请别伤心 只不过是换了种方式去爱你
霂微夝,True,0,1,0,浙江省 - 杭州市,3275,2,0,2020-02-22 18:41:08,四年演出，只有当我自己承认的这一刻才谢幕。再见，过去的愚人。
梁晓雨你可不能嫁给别人呀,True,13,80,13,天津市 ,6410,4,0,2020-02-22 18:25:55,我就是这么一个人，明明有拖延症还要强迫自己按时起床，明明没有胃口还要在家人面前多吃一点，明明很脆弱还要装出坚强，明明早就错过了你还要一直想着你，明明打算重新开始生活还要倔强得不想把你的痕迹抹去
肮脏的python交易,True,3,26,33,海外 - 美国,3865,1,1,2020-02-22 18:20:01,15年评论的
肮脏的python交易,True,3,26,33,海外 - 美国,3865,1,1,2020-02-22 18:19:40,那是15年评论的啊…
李An呀呀,True,4,4,8,广东省 - 深圳市,5071,23,0,2020-02-22 11:37:30,“人和人之间的感情到底有多脆弱呢
李An呀呀,True,4,4,8,广东省 - 深圳市,5071,3,0,2020-02-22 11:33:10,爱是愚人的国度，不能自拔，不懂退出。
白露戚戚,False,1,9,6,湖北省 - 黄冈市,6655,1,0,2020-02-21 23:43:31,你终究是有事钟无艳无事夏迎春，我们早就从那次分开后就越离越远，也知道后来的你无论发生什么都与我无关了，当然我也不会与你有什么关联。
其实你并不帅,True,8,5,0,北京市 ,603,2,0,2020-02-21 21:09:49,这首音乐拯救了多少失落的灵魂
是某,False,2,31,6,黑龙江省 - 哈尔滨市,1745,2,0,2020-02-21 13:55:11,她的歌就是不管过了多久再翻过来听心情还是会跟着她的每个字波涛起伏
E-sther-,False,0,1,2,,2713,8,0,2020-02-21 10:13:17,原来放下一个人不难 攒够失望就可以了
像那淋着雨的疯子,True,3,54,12,甘肃省 - 甘南藏族自治州,7290,1,0,2020-02-21 04:25:59,六年了，你来听，我还是胆小懦弱卑微啰嗦的人，一如既往地失败。[心碎]
Arro,False,0,14,3,广东省 - 梅州市,1441,3,0,2020-02-20 22:46:50,听歌好像扇自己两巴掌
一首父亲送给你这个逆子,False,0,2,2,黑龙江省 - 哈尔滨市,569,5,0,2020-02-20 21:40:36,我打了很多字，又默默的删了。有些东西说不清
牵着你的手有余香,False,1,5,1,云南省 - 昆明市,234,4,0,2020-02-20 14:39:04,适合的人不需要追赶·
如若蓝霖,False,0,0,0,安徽省 - 安庆市,363,1,1,2020-02-20 13:58:10,现在都大三了，还是我小学听的了
跳舞的反骨,True,1,31,32,新疆 - 伊犁哈萨克自治州,4421,3,0,2020-02-20 00:15:09,爱是愚人的国度
Britels-,False,0,2,1,,1091,7,0,2020-02-19 22:20:35,答案清楚，才能谢幕
Jadynnn,False,17,35,1,浙江省 - 台州市,5285,2,0,2020-02-19 16:37:33,好喜欢这个旋律！作曲者nb！！
七情六欲只凭心意,False,180,35,150,浙江省 - 舟山市,12179,2,0,2020-02-19 15:21:25,要怎么样才能得到真正的幸福 越长大失去的越多
51m_n,False,0,15,13,,5837,4,0,2020-02-19 04:00:53,果然是李偲菘写的
翟翟翟___,True,1,9,13,河北省 - 保定市,3070,1,1,2020-02-19 00:43:42,生日快乐吖！！
七秒鱼盟主,False,6,31,12,,8031,1,1,2020-02-19 00:14:41,真正伤的人又怎么会把伤口拔给别人看，演得一手好戏
夏目cute猫,False,0,117,23,广东省 - 广州市,3352,5,0,2020-02-19 00:14:39,有些感情，不要随意揣测。
七秒鱼盟主,False,6,31,12,,8031,1,0,2020-02-19 00:09:32,我想要回到从前的快乐
夜航船55,False,0,9,0,吉林省 - 四平市,2943,1,0,2020-02-18 23:49:16,巡演有这首吗
回忆的橡皮擦,False,2,7,6,江苏省 - 无锡市,2943,0,0,2020-02-18 21:14:43,天天都是愚人节
CC麋鹿知归途,True,12,1,3,江苏省 - 南京市,7502,1,0,2020-02-18 20:06:24,我怎么   不快乐了
万水千山你陪我一起,False,8,21,51,河北省 - 保定市,3652,1,1,2020-02-18 19:55:38,你看看评论时间
要554427,False,7,6,4,广东省 - 佛山市,1248,2,1,2020-02-18 14:51:39,因为yq在家里网恋呢[多多捂脸]
可爱的明天呀,True,5,1,1,,11489,1,1,2020-02-18 01:08:47,生日快乐🎂
未曾泯灭_,False,1,32,5,海外 - 伯利兹,2183,1,1,2020-02-18 00:05:04,生日快乐
